인덱스,경기 날짜 (GMT),홈 팀 이름,원정 팀 이름,홈 팀 코너킥 수,원정 팀 코너킥 수,홈 팀 슛 수,원정 팀 슛 수,홈 팀 유효 슛 수,원정 팀 유효 슛 수,홈 팀 반칙 수,원정 팀 반칙 수,홈 팀 점유율,원정 팀 점유율,홈 팀 프리킥 수,원정 팀 프리킥 수,홈 팀 오프사이드 수,원정 팀 오프사이드 수,홈 팀 득점 수,원정 팀 득점 수,홈 팀 전반 득점 수,원정 팀 전반 득점 수,홈 팀 경고 수,홈 팀 퇴장 수,원정 팀 경고 수,원정 팀 퇴장 수,홈 팀 결과,홈 팀 아디다스 점수 ,원정 팀 아디다스 점수 ,홈 팀 경기당 득점,원정 팀 경기당 득점,홈 팀 기대 득점 (xG),원정 팀 기대 득점 (xG),홈 팀 승리 배당률,무승부 배당률,원정 팀 승리 배당률,양팀 득점 배당률 (Yes),양팀 득점 배당률 (No),홈 팀 드리블 성공률,홈 팀 패스 시도,홈 팀 패스 성공,홈 팀 패스 성공률,홈 팀 키패스 수,홈 팀 전방패스 시도,홈 팀 전방패스 성공,홈 팀 전방패스 성공률,홈 팀 횡패스 시도,홈 팀 횡패스 성공,홈 팀 횡패스 성공률,홈 팀 공격진영 패스 시도,홈 팀 공격진영 패스 성공,홈 팀 공격진영 패스 성공률,홈 팀 수비진영 패스 시도,홈 팀 수비진영 패스 성공,홈 팀 수비진영 패스 성공률,홈 팀 중앙진영 패스 시도,홈 팀 중앙진영 패스 성공,홈 팀 중앙진영 패스 성공률,홈 팀 롱패스 시도,홈 팀 롱패스 성공,홈 팀 롱패스 성공률,홈 팀 중거리패스 시도,홈 팀 중거리패스 성공,홈 팀 중거리패스 성공률,홈 팀 단거리패스 시도,홈 팀 단거리패스 성공,홈 팀 단거리패스 성공률,홈 팀 크로스 시도,홈 팀 크로스 성공,홈 팀 크로스 성공률,홈 팀 지상 경합 시도,홈 팀 지상 경합 성공,홈 팀 지상 경합 성공률,홈 팀 공중 경합 시도,홈 팀 공중 경합 성공,홈 팀 공중 경합 성공률,홈 팀 태클 시도,홈 팀 태클 성공,홈 팀 태클 성공률,홈 팀 클리어링,홈 팀 인터셉트,홈 팀 차단,홈 팀 획득,홈 팀 블락,홈 팀 볼미스,원정 팀 드리블 성공률,원정 팀 패스 시도,원정 팀 패스 성공,원정 팀 패스 성공률,원정 팀 키패스 수,원정 팀 전방패스 시도,원정 팀 전방패스 성공,원정 팀 전방패스 성공률,원정 팀 횡패스 시도,원정 팀 횡패스 성공,원정 팀 횡패스 성공률,원정 팀 공격진영 패스 시도,원정 팀 공격진영 패스 성공,원정 팀 공격진영 패스 성공률,원정 팀 수비진영 패스 시도,원정 팀 수비진영 패스 성공,원정 팀 수비진영 패스 성공률,원정 팀 중앙진영 패스 시도,원정 팀 중앙진영 패스 성공,원정 팀 중앙진영 패스 성공률,원정 팀 롱패스 시도,원정 팀 롱패스 성공,원정 팀 롱패스 성공률,원정 팀 중거리패스 시도,원정 팀 중거리패스 성공,원정 팀 중거리패스 성공률,원정 팀 단거리패스 시도,원정 팀 단거리패스 성공,원정 팀 단거리패스 성공률,원정 팀 크로스 시도,원정 팀 크로스 성공,원정 팀 크로스 성공률,원정 팀 지상 경합 시도,원정 팀 지상 경합 성공,원정 팀 지상 경합 성공률,원정 팀 공중 경합 시도,원정 팀 공중 경합 성공,원정 팀 공중 경합 성공률,원정 팀 태클 시도,원정 팀 태클 성공,원정 팀 태클 성공률,원정 팀 클리어링,원정 팀 인터셉트,원정 팀 차단,원정 팀 획득,원정 팀 블락,원정 팀 볼미스
1,Mar 01 2024 - 5:00am,울산,포항,4,4,12,5,6,2,2,9,61,39,5,12,3,3,1,0,0,0,0,0,2,1,승,20839,-603,0,0,1.38,0.73,1.83,3.6,4,1.73,2,14.3,614,534,87,8,223,160,71.7,257,242,94.2,141,111,78.7,87,74,85.1,386,349,90.4,45,25,55.6,210,189,90,359,320,89.1,20,7,35,14,8,57.1,39,20,51.3,17,5,29.4,22,13,20,81,17,4,40,467,392,83.9,3,198,139,70.2,161,150,93.2,61,47,77,175,144,82.3,231,201,87,51,28,54.9,161,142,88.2,255,222,87.1,16,2,12.5,14,6,42.9,39,19,48.7,25,4,16,27,19,15,69,17,8
2,Mar 01 2024 - 7:30am,전북,대전,8,2,18,7,6,3,10,15,60,40,10,16,0,1,1,1,0,1,2,0,4,0,무,13297,11095,0,0,2.28,1.07,1.8,3.75,4.2,1.73,2,40,557,486,87.3,7,234,180,76.9,218,206,94.5,105,78,74.3,110,98,89.1,342,310,90.6,73,53,72.6,215,193,89.8,269,240,89.2,42,11,26.2,23,16,69.6,56,25,44.6,33,11,33.3,32,22,23,97,17,7,0,347,256,73.8,5,177,113,63.8,97,77,79.4,68,53,77.9,116,77,66.4,163,126,77.3,61,26,42.6,98,84,85.7,188,146,77.7,13,2,15.4,23,7,30.4,56,31,55.4,19,7,36.8,49,17,28,83,19,9
3,Mar 02 2024 - 5:00am,광주,서울,8,5,15,10,6,3,11,15,47,53,11,16,0,1,2,0,1,0,3,0,3,0,승,20319,3639,0,0,1.56,1.3,2.15,3.1,3,1.83,1.83,37.5,397,342,86.1,10,165,121,73.3,126,117,92.9,63,53,84.1,137,118,86.1,197,171,86.8,46,24,52.2,134,119,88.8,217,199,91.7,27,9,33.3,14,4,28.6,43,22,51.2,26,9,34.6,33,20,12,68,21,10,12.5,496,413,83.3,6,203,135,66.5,186,176,94.6,88,69,78.4,190,155,81.6,218,189,86.7,61,31,50.8,195,180,92.3,240,202,84.2,34,8,23.5,14,10,71.4,43,21,48.8,36,7,19.4,24,6,26,83,11,2
4,Mar 02 2024 - 7:30am,인천,수원FC,8,2,9,4,5,1,7,8,60,40,7,9,0,1,0,1,0,0,3,0,3,0,패,-515,10653,0,0,2.1,0.8,1.91,3.4,3.3,1.67,2.1,0,598,526,88,4,229,175,76.4,251,239,95.2,158,136,86.1,82,71,86.6,358,319,89.1,40,19,47.5,194,176,90.7,364,331,90.9,37,6,16.2,14,5,35.7,32,15,46.9,13,7,53.8,36,20,14,82,18,7,0,437,355,81.2,2,198,127,64.1,140,134,95.7,60,51,85,151,114,75.5,226,190,84.1,62,32,51.6,174,152,87.4,201,171,85.1,16,0,0,14,9,64.3,32,17,53.1,28,7,25,43,19,21,73,21,6
5,Mar 02 2024 - 7:30am,강원,제주,6,4,17,12,4,3,11,12,44,56,12,12,1,0,1,1,1,1,2,0,1,0,무,7959,8437,0,0,1.96,1.67,2.37,2.9,2.8,2,1.73,25,455,376,82.6,10,198,133,67.2,150,140,93.3,77,63,81.8,157,128,81.5,221,185,83.7,51,24,47.1,168,148,88.1,236,204,86.4,21,3,14.3,8,4,50,53,26,49.1,22,10,45.5,44,11,25,80,17,9,50,460,382,83,4,203,140,69,165,152,92.1,79,53,67.1,162,143,88.3,219,186,84.9,52,30,57.7,199,174,87.4,209,178,85.2,18,3,16.7,8,4,50,53,27,50.9,29,8,27.6,41,16,18,100,20,9
6,Mar 03 2024 - 5:00am,대구,김천,3,3,16,7,3,2,11,8,49,51,11,9,0,1,0,1,0,0,1,0,3,0,패,3385,3874,0,0,1.71,1.17,1.95,3.3,3.9,1.91,1.8,16.7,401,315,78.6,13,196,131,66.8,133,115,86.5,99,84,84.8,97,71,73.2,205,160,78,56,30,53.6,125,105,84,220,180,81.8,35,11,31.4,21,10,47.6,46,27,58.7,25,7,28,19,16,15,99,22,8,50,479,392,81.8,7,209,140,67,181,166,91.7,93,73,78.5,131,106,80.9,255,213,83.5,40,26,65,155,123,79.4,284,243,85.6,15,4,26.7,21,11,52.4,46,19,41.3,36,10,27.8,35,20,27,70,26,8
7,Mar 09 2024 - 5:00am,수원FC,전북,9,6,23,10,9,2,8,8,69,31,10,9,2,1,1,1,0,0,0,0,0,1,무,9087,6169,0,0,2.9,1.43,3.7,3.3,1.95,1.7,2,75,654,603,92.2,9,253,214,84.6,251,245,97.6,168,146,86.9,100,90,90,386,367,95.1,53,39,73.6,256,242,94.5,345,322,93.3,48,8,16.7,16,9,56.2,42,22,52.4,19,9,47.4,24,11,15,98,12,5,0,247,186,75.3,8,128,79,61.7,67,58,86.6,38,28,73.7,105,72,68.6,104,86,82.7,54,22,40.7,74,60,81.1,119,104,87.4,19,5,26.3,16,7,43.8,42,20,47.6,30,9,30,52,8,29,68,24,8
8,Mar 09 2024 - 7:30am,포항,대구,3,2,9,12,6,2,22,10,53,47,23,10,1,0,3,1,0,1,2,0,1,0,승,18781,1851,0,0,1.55,1.67,2.1,3.2,3.5,1.9,1.77,16.7,596,523,87.8,6,237,177,74.7,208,200,96.2,87,80,92,148,121,81.8,361,322,89.2,61,36,59,170,154,90.6,365,333,91.2,19,1,5.3,24,11,45.8,33,14,42.4,29,9,31,18,24,28,83,16,9,0,385,313,81.3,6,184,127,69,123,110,89.4,72,56,77.8,110,87,79.1,203,170,83.7,49,30,61.2,114,96,84.2,222,187,84.2,24,7,29.2,24,13,54.2,33,19,57.6,38,10,26.3,14,19,27,72,15,4
9,Mar 09 2024 - 7:30am,김천,울산,7,0,9,7,5,6,8,12,66,34,9,15,1,3,2,3,0,3,1,0,1,0,패,5958,10501,0,0,1.8,1.29,3.28,3.54,2.15,1.62,2.1,75,623,556,89.2,3,226,180,79.6,242,225,93,119,96,80.7,126,114,90.5,378,346,91.5,66,52,78.8,214,197,92.1,343,307,89.5,30,4,13.3,20,9,45,41,21,51.2,13,3,23.1,4,15,17,78,10,5,57.1,439,368,83.8,5,176,115,65.3,148,141,95.3,53,48,90.6,178,147,82.6,208,173,83.2,38,16,42.1,184,165,89.7,217,187,86.2,10,4,40,20,11,55,41,20,48.8,43,12,27.9,37,16,29,60,22,4
10,Mar 10 2024 - 5:00am,제주,대전,8,6,8,8,6,5,12,11,53,47,14,12,2,1,3,1,2,0,0,0,4,0,승,14272,-1317,0,1.07,1.55,1.69,2.1,3.5,3.5,1.72,1.97,100,418,326,78,4,194,118,60.8,145,132,91,68,45,66.2,115,90,78.3,235,191,81.3,65,36,55.4,140,111,79.3,213,179,84,16,3,18.8,21,11,52.4,58,33,56.9,18,9,50,31,20,23,66,20,4,50,459,359,78.2,2,193,113,58.5,155,139,89.7,62,47,75.8,141,100,70.9,256,212,82.8,75,36,48,156,133,85.3,228,190,83.3,21,3,14.3,21,10,47.6,58,25,43.1,29,8,27.6,22,13,22,91,14,5
11,Mar 10 2024 - 7:00am,서울,인천,2,6,4,14,1,6,13,7,53,47,16,9,3,2,0,0,0,0,2,0,1,0,무,6443,10443,0,0,0.94,2.34,2.15,3.35,3.45,1.77,1.9,33.3,686,620,90.4,2,251,194,77.3,291,285,97.9,88,71,80.7,191,173,90.6,407,376,92.4,33,18,54.5,294,269,91.5,359,333,92.8,19,1,5.3,14,7,50,28,15,53.6,22,9,40.9,44,8,28,61,13,9,75,434,366,84.3,6,187,132,70.6,152,140,92.1,64,47,73.4,117,102,87.2,253,217,85.8,43,21,48.8,120,108,90,271,237,87.5,21,2,9.5,14,7,50,28,13,46.4,28,8,28.6,37,10,18,88,17,6
12,Mar 10 2024 - 7:30am,광주,강원,5,4,12,15,6,6,13,16,48,52,13,16,0,0,4,2,0,1,2,0,4,0,승,14618,832,1.56,0,1.79,1.86,2.05,3.1,4.2,2.1,1.62,0,492,421,85.6,6,188,131,69.7,179,172,96.1,74,66,89.2,185,151,81.6,233,204,87.6,44,20,45.5,229,214,93.4,219,187,85.4,20,4,20,20,10,50,30,12,40,13,10,76.9,17,14,28,76,16,9,14.3,489,419,85.7,5,199,145,72.9,146,135,92.5,56,45,80.4,220,191,86.8,213,183,85.9,55,35,63.6,218,201,92.2,216,183,84.7,14,2,14.3,20,10,50,30,18,60,38,7,18.4,15,5,28,85,28,4
13,Mar 16 2024 - 5:00am,대전,강원,2,0,7,10,4,5,17,9,45,55,17,10,0,1,1,1,0,0,1,0,1,0,무,9788,7863,0,1.86,1.56,1.59,2.25,3.05,3.15,1.85,1.83,40,446,367,82.3,4,176,109,61.9,160,151,94.4,89,77,86.5,133,107,80.5,224,183,81.7,62,29,46.8,191,172,90.1,193,166,86,18,2,11.1,15,7,46.7,50,23,46,22,8,36.4,21,17,22,68,9,4,0,618,553,89.5,7,212,160,75.5,259,248,95.8,90,82,91.1,143,123,86,385,348,90.4,53,32,60.4,204,185,90.7,361,336,93.1,10,1,10,15,8,53.3,50,27,54,23,6,26.1,31,12,13,75,20,6
14,Mar 16 2024 - 7:30am,대구,수원FC,4,6,13,21,8,8,7,4,38,62,8,4,1,0,1,1,1,0,1,0,1,0,무,8898,6909,1.71,0.8,2.05,2.6,2.1,3.2,3.3,1.85,1.85,11.1,335,281,83.9,6,147,98,66.7,122,118,96.7,60,57,95,110,81,73.6,165,143,86.7,48,27,56.2,104,88,84.6,183,166,90.7,20,2,10,13,8,61.5,36,14,38.9,50,17,34,37,5,19,63,21,3,14.3,650,593,91.2,13,225,180,80,277,265,95.7,147,131,89.1,76,70,92.1,427,392,91.8,43,28,65.1,249,228,91.6,358,337,94.1,27,9,33.3,13,5,38.5,36,22,61.1,26,8,30.8,20,4,19,79,15,3
15,Mar 16 2024 - 7:30am,서울,제주,5,2,6,10,3,1,17,17,54,46,18,20,1,3,2,0,2,0,7,0,4,0,승,12868,-1282,0.94,1.67,1.31,1.03,2.3,3.2,2.85,1.8,1.85,33.3,460,375,81.5,4,184,113,61.4,172,163,94.8,90,66,73.3,125,95,76,245,214,87.3,65,36,55.4,169,143,84.6,226,196,86.7,19,1,5.3,19,7,36.8,50,28,56,26,6,23.1,44,9,20,101,20,8,33.3,451,370,82,3,193,128,66.3,164,153,93.3,87,66,75.9,106,93,87.7,258,211,81.8,49,29,59.2,173,147,85,229,194,84.7,9,0,0,19,12,63.2,50,22,44,27,13,48.1,44,11,23,70,14,7
16,Mar 17 2024 - 5:00am,포항,광주,2,1,9,5,3,2,13,14,50,50,17,15,4,1,1,0,0,0,4,0,3,0,승,14851,-536,1.55,0,1.24,0.78,2.63,3.1,2.7,1.87,1.87,50,498,429,86.1,4,188,129,68.6,182,173,95.1,77,67,87,162,136,84,259,226,87.3,72,42,58.3,226,211,93.4,200,176,88,17,3,17.6,7,2,28.6,22,8,36.4,20,9,45,13,12,19,72,9,4,25,501,457,91.2,1,170,141,82.9,221,210,95,63,52,82.5,103,90,87.4,335,315,94,28,17,60.7,212,200,94.3,261,240,92,11,0,0,7,5,71.4,22,14,63.6,18,6,33.3,27,7,24,59,16,2
17,Mar 17 2024 - 5:00am,김천,전북,1,9,5,9,1,1,7,15,43,57,10,19,3,4,1,0,1,0,1,0,0,0,승,8230,4428,1.8,1.43,0.76,1.51,3.13,3.25,2.3,1.85,1.83,50,465,362,77.8,3,204,122,59.8,171,155,90.6,56,42,75,171,130,76,238,190,79.8,61,23,37.7,150,131,87.3,254,208,81.9,8,1,12.5,18,8,44.4,51,17,33.3,33,10,30.3,43,21,27,75,17,8,50,543,453,83.4,5,221,147,66.5,206,197,95.6,112,91,81.2,118,102,86.4,313,260,83.1,59,33,55.9,194,165,85.1,290,255,87.9,27,5,18.5,18,10,55.6,51,34,66.7,21,4,19,16,17,18,95,16,4
18,Mar 17 2024 - 7:30am,울산,인천,5,1,17,14,9,6,11,16,57,43,13,16,2,0,3,3,1,1,1,0,0,0,무,2479,8289,1.38,2.34,2.5,1.6,1.9,3.3,3.45,1.85,1.85,42.9,651,577,88.6,7,229,172,75.1,251,237,94.4,110,90,81.8,170,147,86.5,371,340,91.6,54,32,59.3,255,236,92.5,342,309,90.4,30,6,20,7,2,28.6,29,11,37.9,22,9,40.9,17,15,8,80,15,5,50,380,323,85,7,162,116,71.6,135,126,93.3,58,50,86.2,117,103,88,205,170,82.9,36,22,61.1,129,117,90.7,215,184,85.6,9,0,0,7,5,71.4,29,18,62.1,20,9,45,35,18,15,57,17,7
19,Mar 30 2024 - 5:00am,전북,울산,4,6,12,12,3,5,15,9,50,50,16,10,1,1,2,2,1,2,2,0,2,0,무,8216,5854,2.28,1.29,1.14,1.51,2.43,3.35,2.72,1.83,1.83,0,474,403,85,9,202,147,72.8,172,161,93.6,81,62,76.5,117,96,82.1,276,245,88.8,53,30,56.6,155,139,89.7,266,234,88,23,5,21.7,16,6,37.5,37,15,40.5,14,3,21.4,21,7,19,84,14,5,25,524,453,86.5,7,198,140,70.7,195,185,94.9,109,94,86.2,196,164,83.7,219,195,89,55,29,52.7,202,178,88.1,267,246,92.1,18,5,27.8,16,10,62.5,37,22,59.5,20,10,50,26,13,15,77,16,3
20,Mar 30 2024 - 5:00am,인천,대전,3,4,8,12,5,3,16,11,50,50,16,13,0,2,2,0,1,0,2,1,2,0,승,17873,5482,2.1,1.38,1.44,1.67,2.04,3.5,3.3,1.8,1.91,50,437,353,80.8,3,189,122,64.6,154,144,93.5,78,66,84.6,102,77,75.5,257,210,81.7,51,18,35.3,118,103,87.3,268,232,86.6,24,4,16.7,19,8,42.1,59,28,47.5,16,6,37.5,35,21,21,90,23,11,40,541,449,83,8,205,133,64.9,217,203,93.5,65,45,69.2,164,133,81.1,312,271,86.9,65,34,52.3,222,197,88.7,254,218,85.8,23,7,30.4,19,11,57.9,59,31,52.5,34,12,35.3,37,20,19,80,21,5
21,Mar 30 2024 - 7:30am,제주,포항,4,6,12,16,5,4,9,2,50,50,11,6,2,4,0,2,0,0,1,0,0,0,패,48,20657,1.55,0.73,1.37,1.91,2.36,3.25,2.85,1.83,1.9,25,392,317,80.9,7,174,116,66.7,137,123,89.8,32,20,62.5,123,94,76.4,237,203,85.7,39,18,46.2,152,130,85.5,201,169,84.1,8,3,37.5,13,5,38.5,35,17,48.6,33,11,33.3,51,10,23,63,24,7,25,607,531,87.5,8,234,178,76.1,224,210,93.8,92,73,79.3,137,125,91.2,378,333,88.1,61,43,70.5,250,229,91.6,296,259,87.5,29,5,17.2,13,8,61.5,35,18,51.4,7,3,42.9,24,9,21,86,17,10
22,Mar 30 2024 - 7:30am,수원FC,김천,6,2,14,8,4,6,17,14,50,50,17,16,0,2,1,4,0,3,1,0,2,0,패,-41,8723,2.9,1.17,2.05,1.29,2.36,3.3,2.84,1.82,1.92,33.3,605,541,89.4,8,227,178,78.4,236,228,96.6,90,77,85.6,116,100,86.2,399,364,91.2,66,44,66.7,226,211,93.4,313,286,91.4,29,11,37.9,12,8,66.7,39,23,59,14,9,64.3,10,11,17,71,11,7,12.5,363,295,81.3,5,180,123,68.3,122,112,91.8,45,35,77.8,153,123,80.4,165,137,83,43,28,65.1,113,89,78.8,207,178,86,8,3,37.5,12,4,33.3,39,16,41,28,7,25,35,13,26,55,14,7
23,Mar 31 2024 - 5:00am,강원,서울,5,0,17,4,7,3,11,16,50,50,12,19,1,3,1,1,0,0,2,0,2,1,무,5332,7069,1.96,1.3,2.07,0.98,2.62,3.2,2.62,1.87,1.87,25,577,508,88,7,203,147,72.4,235,223,94.9,86,71,82.6,150,130,86.7,341,307,90,49,21,42.9,251,239,95.2,277,248,89.5,20,1,5,13,3,23.1,32,16,50,24,9,37.5,10,10,13,67,12,5,33.3,438,376,85.8,4,174,128,73.6,171,159,93,70,59,84.3,148,122,82.4,220,195,88.6,45,19,42.2,191,176,92.1,202,181,89.6,13,3,23.1,13,10,76.9,32,16,50,33,10,30.3,29,9,18,57,21,5
24,Mar 31 2024 - 7:30am,광주,대구,10,4,10,13,4,4,13,8,50,50,13,8,0,0,1,2,1,1,1,0,0,0,패,836,14978,1.68,1.67,2.17,1.42,2.2,3.25,3.2,1.95,1.78,37.5,625,562,89.9,6,226,191,84.5,259,238,91.9,162,129,79.6,80,74,92.5,383,359,93.7,30,23,76.7,235,210,89.4,360,329,91.4,27,5,18.5,20,9,45,33,12,36.4,27,6,22.2,31,8,27,80,17,6,0,305,246,80.7,9,156,109,69.9,86,78,90.7,51,44,86.3,99,68,68.7,155,134,86.5,45,24,53.3,108,95,88,152,127,83.6,27,6,22.2,20,11,55,33,21,63.6,43,12,27.9,35,13,28,81,29,4
25,Apr 02 2024 - 10:30am,포항,수원FC,14,3,14,14,5,2,9,12,66,34,11,12,2,0,1,1,1,0,0,0,0,0,무,9181,7577,1.39,1.7,2.72,1.35,1.73,3.8,4.2,1.67,2.1,0,569,527,92.6,8,218,186,85.3,227,219,96.5,126,112,88.9,91,85,93.4,352,330,93.8,38,29,76.3,225,207,92,306,291,95.1,44,6,13.6,12,7,58.3,40,21,52.5,10,4,40,12,10,21,68,13,5,0,301,242,80.4,10,141,92,65.2,110,102,92.7,32,27,84.4,83,58,69.9,186,157,84.4,47,26,55.3,127,107,84.3,127,109,85.8,13,5,38.5,12,5,41.7,40,19,47.5,17,4,23.5,48,4,19,69,13,5
26,Apr 02 2024 - 10:30am,대전,울산,2,7,5,13,2,6,16,10,50,50,17,12,1,2,2,0,0,0,5,0,3,0,승,14148,2399,1.56,1.4,0.93,1.76,4.1,3.5,1.85,1.62,2.2,33.3,310,243,78.4,2,137,84,61.3,106,96,90.6,56,47,83.9,95,62,65.3,159,134,84.3,51,26,51,102,82,80.4,157,135,86,12,2,16.7,16,9,56.2,40,27,67.5,18,4,22.2,48,8,22,73,17,3,60,635,572,90.1,6,233,182,78.1,244,235,96.3,143,126,88.1,158,137,86.7,334,309,92.5,55,33,60,241,225,93.4,339,314,92.6,36,4,11.1,16,7,43.8,40,13,32.5,14,2,14.3,16,11,26,86,13,4
27,Apr 03 2024 - 10:30am,광주,인천,2,1,14,8,4,5,11,8,50,50,11,8,0,0,2,3,0,1,1,1,0,0,패,857,13883,1.84,1.97,2.55,1.24,2.15,2.98,3,1.87,1.83,0,733,667,91,9,243,190,78.2,313,302,96.5,188,160,85.1,106,95,89.6,439,412,93.8,67,45,67.2,303,289,95.4,363,333,91.7,42,11,26.2,11,3,27.3,29,13,44.8,17,3,17.6,14,2,14,113,16,9,50,297,229,77.1,4,132,76,57.6,96,88,91.7,43,38,88.4,110,69,62.7,144,122,84.7,59,25,42.4,96,82,85.4,142,122,85.9,12,3,25,11,8,72.7,29,16,55.2,20,8,40,50,7,20,71,21,10
28,Apr 03 2024 - 10:30am,서울,김천,1,8,13,13,7,4,16,9,50,50,16,9,0,0,5,1,4,0,3,0,0,0,승,16579,1458,1.12,1.23,1.58,1.8,2.05,3.05,3.15,1.75,1.93,0,406,327,80.5,9,182,121,66.5,121,110,90.9,54,46,85.2,143,107,74.8,209,174,83.3,66,41,62.1,147,123,83.7,193,163,84.5,13,4,30.8,21,14,66.7,27,19,70.4,31,10,32.3,32,15,27,79,26,4,22.2,553,483,87.3,10,198,147,74.2,225,209,92.9,102,82,80.4,124,109,87.9,327,292,89.3,44,25,56.8,199,186,93.5,310,272,87.7,19,2,10.5,21,7,33.3,27,8,29.6,27,8,29.6,27,13,19,78,13,10
29,Apr 03 2024 - 10:30am,제주,전북,8,11,15,12,7,3,15,14,50,50,16,15,1,1,2,0,1,0,3,0,1,1,승,20255,-1559,1.46,1.47,2.17,1.83,3.1,3,2.1,1.65,2.05,50,351,258,73.5,7,185,104,56.2,101,90,89.1,80,70,87.5,94,57,60.6,177,131,74,59,21,35.6,113,85,75.2,179,152,84.9,16,2,12.5,25,9,36,74,32,43.2,23,7,30.4,57,5,20,98,29,10,50,447,348,77.9,8,230,140,60.9,135,128,94.8,77,54,70.1,121,85,70.2,249,209,83.9,66,29,43.9,160,135,84.4,221,184,83.3,39,11,28.2,25,16,64,74,42,56.8,33,12,36.4,30,12,24,95,13,11
30,Apr 03 2024 - 10:30am,강원,대구,3,3,12,9,6,0,16,17,50,50,16,18,0,1,3,0,1,0,2,0,2,0,승,19600,-1601,2.01,1.54,1.73,1.13,2.48,2.97,2.55,1.85,1.8,0,497,435,87.5,7,199,149,74.9,178,168,94.4,42,34,81,178,157,88.2,277,244,88.1,73,47,64.4,213,193,90.6,211,195,92.4,17,2,11.8,15,3,20,47,24,51.1,25,6,24,38,9,23,67,13,9,55.6,367,289,78.7,4,182,118,64.8,121,108,89.3,58,46,79.3,131,103,78.6,178,140,78.7,66,36,54.5,117,99,84.6,184,154,83.7,20,3,15,15,12,80,47,23,48.9,27,9,33.3,22,8,12,80,12,3
31,Apr 06 2024 - 5:00am,울산,수원FC,3,3,11,8,5,2,4,11,62,38,5,12,1,1,3,0,1,0,1,0,1,0,승,17900,-4093,1.94,1.59,2.04,1.12,1.6,4,5,1.8,1.91,40,809,740,91.5,9,286,237,82.9,319,306,95.9,214,191,89.3,170,152,89.4,425,397,93.4,33,20,60.6,255,238,93.3,521,482,92.5,26,4,15.4,10,4,40,24,9,37.5,20,2,10,14,14,21,79,21,4,50,394,326,82.7,4,184,128,69.6,132,123,93.2,59,50,84.7,128,100,78.1,207,176,85,39,20,51.3,148,129,87.2,207,177,85.5,9,1,11.1,10,6,60,24,15,62.5,33,8,24.2,28,18,16,63,22,10
32,Apr 06 2024 - 7:30am,인천,제주,10,4,13,13,1,4,15,16,50,50,15,19,0,3,0,1,0,0,1,0,2,0,패,2952,17947,1.77,1.35,1.72,1.45,2.15,3.25,3.25,1.8,1.91,25,518,400,77.2,6,227,128,56.4,189,173,91.5,83,68,81.9,157,115,73.2,278,217,78.1,70,27,38.6,172,144,83.7,276,229,83,34,6,17.6,22,9,40.9,50,21,42,21,10,47.6,35,13,27,126,25,12,20,448,334,74.6,7,217,128,59,144,123,85.4,113,85,75.2,107,78,72.9,228,171,75,54,18,33.3,128,98,76.6,266,218,82,24,6,25,22,13,59.1,50,29,58,26,9,34.6,49,22,32,116,28,4
33,Apr 06 2024 - 7:30am,김천,광주,6,3,10,4,4,2,14,13,50,50,14,17,0,4,2,1,1,1,2,0,3,1,승,8226,-3873,1.28,0.78,1.05,0.84,2.4,3.3,2.75,1.83,1.83,28.6,564,483,85.6,4,227,161,70.9,186,175,94.1,110,98,89.1,130,97,74.6,324,288,88.9,69,33,47.8,199,188,94.5,296,262,88.5,22,6,27.3,13,8,61.5,44,15,34.1,29,5,17.2,18,16,22,81,17,9,0,364,294,80.8,3,148,96,64.9,121,111,91.7,31,21,67.7,146,120,82.2,187,153,81.8,41,22,53.7,137,120,87.6,186,152,81.7,8,4,50,13,5,38.5,44,29,65.9,21,6,28.6,36,12,17,70,17,13
34,Apr 07 2024 - 5:00am,전북,강원,3,2,9,11,2,6,21,14,50,50,22,15,1,1,2,3,1,1,3,0,2,0,패,3611,9048,1.71,1.72,1.1,1.2,1.83,3.4,4,2,1.73,25,509,447,87.8,5,200,150,75,203,194,95.6,99,89,89.9,141,122,86.5,269,236,87.7,43,23,53.5,165,149,90.3,301,275,91.4,25,5,20,12,9,75,31,16,51.6,19,3,15.8,21,8,26,65,11,10,0,501,449,89.6,5,172,135,78.5,204,193,94.6,48,39,81.2,182,164,90.1,271,246,90.8,48,25,52.1,216,208,96.3,237,216,91.1,13,3,23.1,12,3,25,31,15,48.4,16,4,25,29,10,15,65,19,5
35,Apr 07 2024 - 5:00am,대구,서울,5,4,4,5,1,2,8,9,31,69,9,10,1,1,0,0,0,0,2,0,3,0,무,11482,8822,1.88,1.14,0.95,1.22,2.5,3,2.8,1.82,1.88,50,230,169,73.5,2,116,66,56.9,67,62,92.5,50,37,74,94,60,63.8,86,72,83.7,41,17,41.5,70,58,82.9,119,94,79,17,2,11.8,21,10,47.6,20,11,55,35,9,25.7,29,15,12,54,12,4,33.3,746,691,92.6,4,241,201,83.4,323,311,96.3,144,121,84,87,79,90.8,515,491,95.3,52,36,69.2,268,253,94.4,426,402,94.4,30,3,10,21,11,52.4,20,9,45,23,7,30.4,20,7,21,63,15,4
36,Apr 07 2024 - 7:30am,대전,포항,0,4,2,14,1,5,9,5,50,50,10,7,1,2,1,2,0,0,1,0,1,0,패,-378,14088,1.24,1.32,0.74,2.16,2.8,3.2,2.38,1.8,1.95,0,454,364,80.2,2,184,111,60.3,163,150,92,52,40,76.9,112,76,67.9,290,248,85.5,67,30,44.8,154,135,87.7,233,199,85.4,3,1,33.3,13,9,69.2,49,21,42.9,20,7,35,39,13,23,67,8,7,50,629,556,88.4,8,241,183,75.9,254,242,95.3,138,117,84.8,124,108,87.1,367,331,90.2,55,37,67.3,231,207,89.6,343,312,91,23,5,21.7,13,4,30.8,49,28,57.1,22,7,31.8,16,20,14,71,10,8
37,Apr 13 2024 - 5:00am,전북,광주,2,4,10,12,3,4,13,10,-1,-1,15,15,2,5,2,1,1,0,3,0,1,0,승,14489,444,1.51,0.81,0,0,2.02,3.38,3.9,1.91,1.77,20,441,372,84.4,6,181,125,69.1,157,146,93,77,69,89.6,171,139,81.3,193,164,85,58,29,50,171,156,91.2,212,187,88.2,16,4,25,13,7,53.8,21,11,52.4,28,11,39.3,30,17,11,55,16,6,50,509,438,86.1,6,185,135,73,213,199,93.4,75,53,70.7,139,125,89.9,295,260,88.1,37,23,62.2,186,163,87.6,286,252,88.1,21,3,14.3,13,6,46.2,21,10,47.6,35,5,14.3,21,10,13,71,19,5
38,Apr 13 2024 - 5:00am,서울,포항,3,2,17,6,4,5,8,15,-1,-1,11,17,3,2,2,4,1,1,2,0,3,0,패,3319,13992,1.28,1.6,0,0,2.36,3.26,3.18,1.83,1.85,50,616,559,90.7,10,207,157,75.8,283,277,97.9,94,82,87.2,148,134,90.5,374,343,91.7,49,36,73.5,281,259,92.2,286,264,92.3,28,8,28.6,13,8,61.5,24,12,50,29,17,58.6,20,7,23,63,17,6,60,407,359,88.2,4,176,134,76.1,143,140,97.9,55,47,85.5,181,163,90.1,171,149,87.1,50,36,72,169,152,89.9,188,171,91,19,3,15.8,13,5,38.5,24,12,50,27,8,29.6,30,16,9,64,16,10
39,Apr 13 2024 - 7:30am,울산,강원,3,4,13,8,10,2,11,6,-1,-1,14,7,3,1,4,0,2,0,2,0,1,0,승,19664,-4411,1.97,1.55,0,0,0,0,0,0,0,20,556,509,91.5,11,200,158,79,215,211,98.1,84,79,94,196,177,90.3,276,253,91.7,54,36,66.7,216,207,95.8,286,266,93,24,6,25,1,0,0,18,8,44.4,16,5,31.2,11,12,13,65,15,10,33.3,534,481,90.1,4,198,155,78.3,200,195,97.5,55,45,81.8,183,167,91.3,296,269,90.9,44,28,63.6,209,194,92.8,281,259,92.2,9,2,22.2,1,1,100,18,10,55.6,19,4,21.1,14,9,12,51,15,9
40,Apr 13 2024 - 7:30am,제주,김천,2,2,6,14,1,6,13,15,-1,-1,13,16,0,1,0,2,0,2,2,0,3,0,패,1614,14940,1.69,1.42,0,0,0,0,0,0,0,60,445,347,78,3,228,143,62.7,138,126,91.3,97,75,77.3,117,89,76.1,231,183,79.2,61,33,54.1,147,110,74.8,237,204,86.1,26,4,15.4,28,18,64.3,61,36,59,33,8,24.2,21,8,27,111,26,4,37.5,478,381,79.7,10,228,145,63.6,136,125,91.9,94,79,84,178,131,73.6,206,171,83,85,49,57.6,142,116,81.7,251,216,86.1,18,7,38.9,28,10,35.7,61,25,41,25,9,36,41,18,28,104,21,11
41,Apr 14 2024 - 5:00am,수원FC,대전,2,3,6,6,2,1,14,7,-1,-1,14,9,0,2,1,0,0,0,2,0,1,0,승,15356,3270,2.47,1.48,0,0,0,0,0,0,0,40,376,302,80.3,4,175,114,65.1,118,107,90.7,64,50,78.1,112,81,72.3,200,171,85.5,61,36,59,122,103,84.4,193,163,84.5,17,1,5.9,17,6,35.3,36,18,50,21,4,19,24,9,21,70,20,5,0,586,509,86.9,2,226,170,75.2,231,216,93.5,130,104,80,128,112,87.5,328,293,89.3,59,29,49.2,199,184,92.5,328,296,90.2,22,5,22.7,17,11,64.7,36,18,50,21,6,28.6,17,8,18,79,16,9
42,Apr 14 2024 - 7:30am,인천,대구,3,2,11,7,4,3,6,12,-1,-1,7,12,1,0,1,1,1,0,1,0,5,0,무,8141,6858,1.75,1.41,0,0,2.32,3.22,3.3,0,0,20,575,506,88,7,184,129,70.1,272,261,96,55,41,74.5,100,87,87,420,378,90,51,26,51,204,191,93.6,320,289,90.3,16,6,37.5,13,6,46.2,32,20,62.5,25,6,24,40,10,20,73,13,8,16.7,464,387,83.4,3,218,152,69.7,151,143,94.7,73,57,78.1,142,115,81,249,215,86.3,48,20,41.7,149,134,89.9,267,233,87.3,19,4,21.1,13,7,53.8,32,12,37.5,14,3,21.4,25,6,20,91,14,14
43,Apr 20 2024 - 5:00am,수원FC,제주,10,4,19,10,5,4,10,17,-1,-1,12,17,2,0,2,1,0,1,2,0,4,0,승,11559,2426,2.47,1.38,0,0,0,0,0,0,0,20,629,538,85.5,6,277,208,75.1,216,201,93.1,128,104,81.2,173,146,84.4,328,288,87.8,54,36,66.7,234,207,88.5,341,295,86.5,34,3,8.8,17,6,35.3,42,20,47.6,34,8,23.5,21,18,18,100,14,4,25,325,248,76.3,9,181,117,64.6,96,85,88.5,64,54,84.4,89,63,70.8,172,131,76.2,45,21,46.7,102,83,81.4,178,144,80.9,24,8,33.3,17,11,64.7,42,22,52.4,48,13,27.1,40,18,20,70,30,6
44,Apr 20 2024 - 7:30am,포항,김천,6,0,12,10,2,2,6,8,-1,-1,6,9,0,1,0,0,0,0,0,0,1,0,무,8988,7283,1.84,1.42,0,0,0,0,0,0,0,20,508,434,85.4,5,194,135,69.6,210,197,93.8,100,83,83,154,126,81.8,254,225,88.6,77,48,62.3,204,187,91.7,227,199,87.7,40,9,22.5,16,6,37.5,36,19,52.8,19,7,36.8,14,21,23,96,14,6,0,482,407,84.4,7,214,151,70.6,174,164,94.3,63,49,77.8,134,102,76.1,285,256,89.8,43,20,46.5,183,163,89.1,256,224,87.5,10,3,30,16,10,62.5,36,17,47.2,33,9,27.3,41,16,30,71,21,5
45,Apr 20 2024 - 7:30am,서울,전북,6,4,10,11,4,4,13,10,-1,-1,15,12,2,2,2,3,2,2,2,0,2,0,패,5021,16518,1.28,1.59,0,0,0,0,0,0,0,66.7,514,432,84,9,217,151,69.6,183,170,92.9,76,60,78.9,165,135,81.8,273,237,86.8,65,37,56.9,177,154,87,272,241,88.6,28,7,25,14,8,57.1,33,16,48.5,11,5,45.5,26,9,20,83,20,12,16.7,428,351,82,7,184,120,65.2,158,147,93,71,61,85.9,168,137,81.5,189,153,81,62,33,53.2,153,135,88.2,213,183,85.9,16,4,25,14,6,42.9,33,17,51.5,42,6,14.3,32,19,18,72,15,7
46,Apr 21 2024 - 5:00am,강원,인천,3,8,13,12,6,4,16,7,-1,-1,17,8,1,1,4,1,3,0,2,0,1,0,승,12503,-1625,1.92,1.73,0,0,0,0,0,0,0,50,384,312,81.2,7,153,92,60.1,131,122,93.1,38,32,84.2,155,119,76.8,191,161,84.3,56,24,42.9,160,147,91.9,168,141,83.9,10,5,50,16,8,50,18,8,44.4,27,9,33.3,25,16,18,57,26,3,66.7,648,576,88.9,9,249,196,78.7,256,242,94.5,91,72,79.1,190,172,90.5,367,332,90.5,40,25,62.5,214,196,91.6,394,355,90.1,23,4,17.4,16,8,50,18,10,55.6,19,4,21.1,16,4,20,79,15,5
47,Apr 21 2024 - 7:30am,대구,대전,3,5,7,17,0,3,10,10,-1,-1,11,12,1,2,0,0,0,0,0,0,1,0,무,9675,10013,1.57,1.48,0,0,0,0,0,0,0,33.3,481,391,81.3,4,216,149,69,168,150,89.3,101,82,81.2,126,94,74.6,254,215,84.6,54,29,53.7,147,116,78.9,280,246,87.9,16,5,31.2,21,15,71.4,38,18,47.4,19,5,26.3,26,7,22,83,32,6,50,427,352,82.4,9,186,124,66.7,138,129,93.5,92,83,90.2,74,52,70.3,261,217,83.1,56,31,55.4,151,130,86.1,220,191,86.8,21,2,9.5,21,6,28.6,38,20,52.6,37,9,24.3,35,15,18,80,21,7
48,Apr 27 2024 - 5:00am,대전,서울,4,6,8,8,5,5,20,9,-1,-1,21,15,1,6,3,1,2,0,4,0,3,0,승,19372,848,1.07,1.16,0,0,0,0,0,0,0,33.3,365,297,81.4,1,167,113,67.7,107,96,89.7,92,79,85.9,102,77,75.5,171,141,82.5,60,31,51.7,107,97,90.7,198,169,85.4,14,2,14.3,17,13,76.5,44,22,50,28,9,32.1,24,11,22,75,18,13,100,533,461,86.5,6,208,148,71.2,223,214,96,87,67,77,141,122,86.5,305,272,89.2,64,46,71.9,207,185,89.4,262,230,87.8,25,7,28,17,4,23.5,44,22,50,17,6,35.3,22,4,22,75,20,7
49,Apr 27 2024 - 7:30am,광주,수원FC,1,2,10,9,5,4,6,10,-1,-1,9,11,3,1,2,1,1,1,1,0,2,0,승,16136,11037,2.02,1.47,0,0,0,0,0,0,0,0,500,443,88.6,7,218,167,76.6,165,160,97,129,113,87.6,116,99,85.3,255,231,90.6,45,26,57.8,215,198,92.1,240,219,91.2,18,5,27.8,10,4,40,27,15,55.6,15,9,60,34,12,11,74,9,6,33.3,565,492,87.1,6,228,166,72.8,188,180,95.7,71,57,80.3,254,219,86.2,240,216,90,71,39,54.9,246,237,96.3,248,216,87.1,22,5,22.7,10,6,60,27,12,44.4,35,11,31.4,18,8,26,70,11,5
50,Apr 27 2024 - 7:30am,김천,강원,5,2,13,6,4,2,9,10,-1,-1,11,13,2,3,1,0,0,0,0,0,2,0,승,3277,694,1.2,1.55,0,0,0,0,0,0,0,0,651,578,88.8,5,246,190,77.2,261,246,94.3,97,81,83.5,204,185,90.7,350,312,89.1,63,43,68.3,236,219,92.8,352,316,89.8,18,2,11.1,8,4,50,26,11,42.3,38,14,36.8,14,9,19,74,3,11,0,384,318,82.8,5,164,108,65.9,123,116,94.3,53,43,81.1,161,133,82.6,170,142,83.5,56,27,48.2,147,130,88.4,181,161,89,7,1,14.3,8,4,50,26,15,57.7,22,8,36.4,20,5,18,81,25,4
51,Apr 28 2024 - 5:00am,포항,인천,0,4,10,14,2,3,7,12,-1,-1,7,14,0,2,0,0,0,0,2,0,0,0,무,8155,11177,1.84,1.73,0,0,0,0,0,0,0,0,539,470,87.2,5,207,148,71.5,206,198,96.1,51,43,84.3,186,163,87.6,302,264,87.4,64,29,45.3,230,212,92.2,245,229,93.5,8,0,0,18,8,44.4,30,9,30,25,10,40,17,7,13,66,17,3,0,541,490,90.6,7,194,161,83,218,208,95.4,134,125,93.3,144,126,87.5,263,239,90.9,35,18,51.4,212,203,95.8,294,269,91.5,30,8,26.7,18,10,55.6,30,21,70,36,11,30.6,17,12,22,66,5,5
52,Apr 28 2024 - 5:00am,전북,대구,5,5,11,24,5,9,18,11,-1,-1,20,11,2,0,2,2,1,0,3,0,2,0,무,10832,10606,1.51,1.41,0,0,0,0,0,0,0,0,389,323,83,6,172,115,66.9,137,131,95.6,50,39,78,141,116,82.3,198,168,84.8,58,27,46.6,133,117,88,198,179,90.4,15,4,26.7,17,8,47.1,35,13,37.1,17,3,17.6,26,12,20,70,27,13,100,529,451,85.3,12,219,160,73.1,186,174,93.5,109,91,83.5,114,90,78.9,306,270,88.2,56,30,53.6,187,166,88.8,286,255,89.2,23,4,17.4,17,9,52.9,35,22,62.9,19,6,31.6,15,10,18,91,9,4
53,Apr 28 2024 - 7:30am,울산,제주,4,4,19,15,11,7,11,11,-1,-1,12,14,1,3,3,1,0,0,2,0,3,0,승,7488,2714,1.97,1.38,0,0,0,0,0,0,0,75,534,444,83.1,14,212,144,67.9,213,199,93.4,72,54,75,210,176,83.8,252,214,84.9,60,37,61.7,200,171,85.5,274,236,86.1,17,5,29.4,24,13,54.2,35,18,51.4,31,14,45.2,27,11,20,90,17,9,25,488,405,83,10,209,150,71.8,182,164,90.1,94,74,78.7,113,87,77,281,244,86.8,66,43,65.2,156,134,85.9,266,228,85.7,20,4,20,24,11,45.8,35,17,48.6,30,4,13.3,19,20,19,94,22,10
54,Apr 30 2024 - 10:30am,대전,김천,5,5,9,11,2,3,12,7,-1,-1,13,8,1,1,0,0,0,0,0,0,1,0,무,12247,10763,1.07,1.42,0,0,0,0,0,0,0,42.9,446,352,78.9,7,193,114,59.1,151,141,93.4,96,75,78.1,112,76,67.9,238,201,84.5,65,33,50.8,162,139,85.8,219,180,82.2,22,4,18.2,18,13,72.2,29,14,48.3,28,11,39.3,25,14,20,73,18,5,57.1,483,412,85.3,7,216,160,74.1,173,162,93.6,88,72,81.8,132,106,80.3,263,234,89,46,26,56.5,157,140,89.2,280,246,87.9,21,4,19,18,5,27.8,29,15,51.7,15,3,20,25,22,17,75,23,14
55,Apr 30 2024 - 10:30am,수원FC,서울,4,0,8,6,5,3,7,10,-1,-1,8,11,1,1,0,2,0,1,0,0,1,0,패,-1699,14641,2.47,1.16,0,0,0,0,0,0,0,0,699,619,88.6,5,243,178,73.3,290,280,96.6,102,83,81.4,166,138,83.1,431,398,92.3,69,38,55.1,317,300,94.6,313,281,89.8,20,7,35,14,6,42.9,36,20,55.6,15,7,46.7,21,7,14,80,13,7,0,439,374,85.2,3,180,131,72.8,174,160,92,54,39,72.2,137,111,81,248,224,90.3,46,24,52.2,173,157,90.8,220,193,87.7,11,2,18.2,14,8,57.1,36,16,44.4,21,6,28.6,44,8,15,66,16,7
56,May 01 2024 - 10:00am,대구,울산,5,6,15,9,7,4,13,5,-1,-1,14,6,1,1,1,2,1,1,3,0,2,0,패,2509,15411,1.57,1.52,0,0,0,0,0,0,0,0,456,382,83.8,10,195,131,67.2,154,147,95.5,74,69,93.2,146,111,76,236,202,85.6,45,19,42.2,147,127,86.4,264,236,89.4,24,3,12.5,24,13,54.2,33,12,36.4,24,9,37.5,33,15,21,86,26,7,40,577,488,84.6,5,206,138,67,237,224,94.5,91,67,73.6,137,112,81.8,349,309,88.5,64,39,60.9,220,190,86.4,293,259,88.4,20,2,10,24,11,45.8,33,21,63.6,35,16,45.7,27,14,19,75,24,5
57,May 01 2024 - 10:00am,인천,전북,4,4,9,8,6,1,13,11,-1,-1,16,14,3,3,3,0,0,0,5,0,3,0,승,21891,-374,1.75,1.59,0,0,0,0,0,0,0,50,406,326,80.3,4,183,115,62.8,129,120,93,55,49,89.1,151,111,73.5,200,166,83,52,23,44.2,138,115,83.3,216,188,87,16,2,12.5,12,7,58.3,20,10,50,22,9,40.9,29,6,13,85,14,4,100,621,550,88.6,3,212,151,71.2,283,275,97.2,94,76,80.9,126,113,89.7,401,361,90,56,34,60.7,278,261,93.9,287,255,88.9,25,3,12,12,5,41.7,20,10,50,24,5,20.8,15,10,21,71,19,6
58,May 01 2024 - 10:00am,제주,광주,6,4,14,8,2,6,14,12,-1,-1,14,13,0,1,1,3,0,1,1,0,1,0,패,-52,484,1.69,0.81,0,0,0,0,0,0,0,25,429,348,81.1,9,201,134,66.7,136,122,89.7,108,91,84.3,95,68,71.6,226,189,83.6,57,26,45.6,162,144,88.9,210,178,84.8,37,7,18.9,18,6,33.3,57,25,43.9,27,6,22.2,27,17,16,103,22,10,0,492,406,82.5,5,184,120,65.2,187,172,92,49,46,93.9,167,121,72.5,276,239,86.6,66,34,51.5,175,152,86.9,251,220,87.6,19,5,26.3,18,12,66.7,57,32,56.1,26,7,26.9,51,12,23,87,19,9
59,May 01 2024 - 10:00am,강원,포항,12,2,19,11,7,4,10,6,-1,-1,11,8,1,2,2,4,0,1,1,0,2,0,패,-79,18418,1.92,1.6,0,0,0,0,0,0,0,66.7,513,439,85.6,10,207,150,72.5,182,170,93.4,125,101,80.8,111,89,80.2,277,249,89.9,63,41,65.1,215,192,89.3,235,206,87.7,46,11,23.9,7,1,14.3,45,25,55.6,23,4,17.4,13,15,16,96,24,7,33.3,391,303,77.5,5,173,104,60.1,128,112,87.5,61,51,83.6,171,130,76,159,122,76.7,79,42,53.2,124,103,83.1,188,158,84,11,1,9.1,7,6,85.7,45,20,44.4,15,5,33.3,38,8,20,89,31,9
60,May 04 2024 - 5:00am,서울,울산,5,4,10,9,6,3,11,6,-1,-1,13,7,2,1,0,1,0,0,2,0,2,0,패,-1591,14847,1.28,1.52,0,0,0,0,0,0,0,66.7,348,294,84.5,3,152,107,70.4,122,114,93.4,69,58,84.1,97,80,82.5,182,156,85.7,47,27,57.4,124,113,91.1,177,154,87,21,3,14.3,13,5,38.5,32,17,53.1,16,3,18.8,31,6,18,64,13,8,0,649,586,90.3,7,214,158,73.8,258,251,97.3,113,97,85.8,156,139,89.1,380,350,92.1,71,45,63.4,256,243,94.9,322,298,92.5,21,4,19,13,8,61.5,32,15,46.9,12,6,50,28,14,8,55,9,5
61,May 04 2024 - 7:30am,포항,전북,6,1,24,9,5,2,4,9,-1,-1,4,11,0,2,1,0,0,0,1,0,0,0,승,17676,1850,1.84,1.59,0,0,0,0,0,0,0,38.5,477,407,85.3,11,204,152,74.5,169,154,91.1,88,70,79.5,159,144,90.6,230,193,83.9,49,31,63.3,179,162,90.5,249,214,85.9,24,7,29.2,19,6,31.6,25,13,52,29,17,58.6,21,15,14,67,14,7,10,450,373,82.9,4,183,118,64.5,172,165,95.9,58,45,77.6,140,114,81.4,252,214,84.9,63,27,42.9,179,163,91.1,208,183,88,15,6,40,19,13,68.4,25,12,48,29,10,34.5,29,14,19,69,20,5
62,May 05 2024 - 5:00am,수원FC,강원,3,2,13,5,3,3,11,12,-1,-1,14,15,3,3,1,2,0,0,2,0,2,0,패,1435,13006,2.47,1.55,0,0,0,0,0,0,0,14.3,546,480,87.9,7,235,185,78.7,190,181,95.3,104,87,83.7,135,121,89.6,307,272,88.6,65,40,61.5,218,205,94,263,235,89.4,29,5,17.2,11,5,45.5,36,19,52.8,21,7,33.3,13,13,22,80,11,4,0,344,279,81.1,4,151,97,64.2,116,109,94,53,46,86.8,113,82,72.6,178,151,84.8,51,17,33.3,130,112,86.2,163,150,92,12,3,25,11,6,54.5,36,17,47.2,45,10,22.2,33,11,21,58,18,4
63,May 05 2024 - 7:30am,김천,인천,3,5,13,15,5,2,11,9,-1,-1,12,10,1,1,2,2,1,0,2,0,0,0,무,4740,6209,1.2,1.73,0,0,0,0,0,0,0,66.7,482,395,82,6,218,149,68.3,179,168,93.9,89,70,78.7,148,116,78.4,245,209,85.3,63,34,54,175,154,88,244,207,84.8,15,3,20,9,4,44.4,28,16,57.1,27,6,22.2,37,14,9,71,26,5,0,506,424,83.8,9,206,139,67.5,194,181,93.3,114,95,83.3,116,98,84.5,276,231,83.7,62,37,59.7,193,174,90.2,251,213,84.9,27,9,33.3,9,5,55.6,28,12,42.9,26,7,26.9,24,12,18,72,24,11
64,May 06 2024 - 5:00am,제주,대구,4,1,15,13,5,3,15,9,-1,-1,16,11,1,2,1,0,0,0,2,0,2,0,승,19243,2748,1.69,1.41,0,0,0,0,0,0,0,25,413,320,77.5,7,218,141,64.7,116,102,87.9,101,72,71.3,91,66,72.5,221,182,82.4,49,23,46.9,129,102,79.1,235,195,83,19,8,42.1,19,9,47.4,40,24,60,21,11,52.4,21,12,20,96,17,8,20,488,388,79.5,8,220,133,60.5,172,163,94.8,60,51,85,185,134,72.4,243,203,83.5,67,32,47.8,167,141,84.4,254,215,84.6,19,4,21.1,19,10,52.6,40,16,40,34,15,44.1,18,21,25,97,18,5
65,May 06 2024 - 7:30am,광주,대전,7,2,12,12,2,4,9,12,-1,-1,9,12,0,0,1,2,0,1,2,0,1,0,패,13102,2638,2.02,1.48,0,0,0,0,0,0,0,50,649,607,93.5,4,243,214,88.1,239,227,95,163,146,89.6,115,110,95.7,371,351,94.6,46,34,73.9,249,239,96,354,334,94.4,31,1,3.2,6,2,33.3,26,10,38.5,14,8,57.1,12,5,18,76,16,7,50,376,329,87.5,4,157,116,73.9,106,104,98.1,64,57,89.1,109,86,78.9,203,186,91.6,63,42,66.7,151,142,94,162,145,89.5,12,2,16.7,6,4,66.7,26,16,61.5,36,11,30.6,31,15,20,47,22,9
66,May 11 2024 - 7:30am,인천,서울,5,3,11,12,2,4,9,8,-1,-1,9,10,0,2,1,2,1,0,3,1,3,0,패,-124,13526,1.75,1.16,0,0,0,0,0,0,0,50,482,398,82.6,8,197,126,64,168,160,95.2,55,41,74.5,146,114,78.1,281,243,86.5,55,24,43.6,167,145,86.8,260,229,88.1,16,6,37.5,12,6,50,38,19,50,17,6,35.3,40,12,16,80,24,4,0,600,513,85.5,8,218,146,67,259,247,95.4,107,86,80.4,124,98,79,369,329,89.2,59,33,55.9,243,216,88.9,298,264,88.6,23,5,21.7,12,6,50,38,19,50,23,12,52.2,32,14,14,78,13,5
67,May 11 2024 - 10:00am,대구,광주,1,7,10,17,6,5,11,12,-1,-1,12,12,1,0,3,2,2,2,3,0,2,0,승,12673,15052,1.57,0.81,0,0,0,0,0,0,0,33.3,386,319,82.6,6,170,115,67.6,130,124,95.4,30,26,86.7,170,139,81.8,186,154,82.8,41,23,56.1,113,97,85.8,232,199,85.8,11,5,45.5,17,7,41.2,23,14,60.9,29,11,37.9,31,11,14,58,23,3,37.5,496,442,89.1,10,195,155,79.5,184,174,94.6,98,83,84.7,81,78,96.3,317,281,88.6,50,34,68,187,175,93.6,259,233,90,27,4,14.8,17,10,58.8,23,9,39.1,20,7,35,11,13,18,70,21,6
68,May 11 2024 - 10:00am,강원,대전,4,4,15,13,5,7,18,14,-1,-1,20,15,2,1,3,3,1,2,4,0,3,0,무,5893,4330,1.92,1.48,0,0,0,0,0,0,0,45.5,461,384,83.3,7,197,142,72.1,173,152,87.9,80,58,72.5,117,101,86.3,264,225,85.2,64,40,62.5,193,169,87.6,204,175,85.8,25,4,16,16,12,75,36,24,66.7,19,6,31.6,24,17,17,94,10,8,100,405,312,77,9,180,99,55,131,122,93.1,60,52,86.7,140,93,66.4,205,167,81.5,63,22,34.9,138,113,81.9,204,177,86.8,21,5,23.8,16,4,25,36,12,33.3,28,11,39.3,22,6,20,94,23,12
69,May 12 2024 - 5:00am,전북,수원FC,3,9,14,24,3,10,8,6,-1,-1,8,7,0,1,2,3,2,0,3,1,2,0,패,7933,8629,1.51,1.47,0,0,0,0,0,0,0,25,429,368,85.8,9,196,150,76.5,145,132,91,80,69,86.2,128,102,79.7,221,197,89.1,50,30,60,122,108,88.5,257,230,89.5,23,6,26.1,13,7,53.8,35,18,51.4,20,5,25,38,3,21,86,17,4,0,525,478,91,13,212,173,81.6,198,194,98,144,134,93.1,110,92,83.6,271,252,93,56,41,73.2,179,168,93.9,290,269,92.8,43,9,20.9,13,6,46.2,35,17,48.6,34,15,44.1,18,9,17,82,17,11
70,May 12 2024 - 7:30am,울산,김천,5,10,11,13,6,6,8,12,-1,-1,10,13,2,1,2,2,1,1,1,0,1,0,무,15325,1636,1.97,1.42,0,0,0,0,0,0,0,100,415,348,83.9,10,168,112,66.7,144,134,93.1,79,64,81,135,119,88.1,201,165,82.1,51,24,47.1,164,145,88.4,200,179,89.5,21,4,19,10,6,60,22,11,50,20,4,20,25,13,13,62,17,5,25,502,439,87.5,6,205,153,74.6,184,174,94.6,92,79,85.9,165,146,88.5,245,214,87.3,52,33,63.5,165,151,91.5,285,255,89.5,29,5,17.2,10,4,40,22,11,50,21,3,14.3,29,5,11,77,14,6
71,May 12 2024 - 7:30am,포항,제주,3,5,12,21,8,5,4,10,-1,-1,6,12,2,2,1,1,1,0,2,0,1,0,무,11192,11818,1.84,1.38,0,0,0,0,0,0,0,0,422,336,79.6,8,213,140,65.7,112,104,92.9,50,38,76,209,161,77,163,137,84,73,32,43.8,133,115,86.5,216,189,87.5,10,2,20,30,14,46.7,43,22,51.2,42,11,26.2,33,7,19,75,27,1,0,558,494,88.5,14,239,186,77.8,221,214,96.8,152,123,80.9,82,73,89,324,298,92,54,37,68.5,229,203,88.6,275,254,92.4,37,9,24.3,30,16,53.3,43,21,48.8,33,8,24.2,18,21,16,83,12,8
72,May 15 2024 - 7:30am,광주,울산,5,2,11,11,7,4,11,10,-1,-1,15,10,4,0,2,1,0,0,2,0,2,0,승,2412,11599,2.02,1.52,0,0,0,0,0,0,0,66.7,509,457,89.8,8,201,154,76.6,188,184,97.9,62,54,87.1,108,94,87,339,309,91.2,72,56,77.8,210,194,92.4,227,207,91.2,25,6,24,9,7,77.8,40,25,62.5,15,6,40,33,7,19,71,21,7,0,434,337,77.6,6,189,106,56.1,113,103,91.2,73,59,80.8,141,90,63.8,220,188,85.5,74,33,44.6,161,140,87,199,164,82.4,16,4,25,9,2,22.2,40,15,37.5,23,8,34.8,23,14,20,86,7,8
73,May 18 2024 - 7:30am,대전,인천,2,5,15,7,3,3,11,9,-1,-1,13,12,2,3,0,1,0,0,3,0,1,0,패,5412,18245,1.07,1.73,0,0,0,0,0,0,0,0,547,464,84.8,8,219,150,68.5,216,205,94.9,114,94,82.5,136,112,82.4,297,258,86.9,57,31,54.4,210,193,91.9,280,240,85.7,14,5,35.7,21,14,66.7,54,30,55.6,38,11,28.9,19,8,25,80,26,11,50,467,376,80.5,4,187,117,62.6,175,158,90.3,69,51,73.9,129,96,74.4,269,229,85.1,53,22,41.5,138,117,84.8,276,237,85.9,13,5,38.5,21,7,33.3,54,24,44.4,14,6,42.9,28,10,12,82,26,7
74,May 18 2024 - 10:00am,김천,제주,2,6,14,13,4,4,7,13,-1,-1,9,14,2,1,1,0,0,0,2,0,4,0,승,4748,2895,1.2,1.38,0,0,0,0,0,0,0,50,524,449,85.7,9,216,160,74.1,181,169,93.4,90,74,82.2,153,126,82.4,281,249,88.6,71,56,78.9,162,137,84.6,291,256,88,13,1,7.7,21,9,42.9,56,23,41.1,29,14,48.3,29,16,22,82,15,11,14.3,431,353,81.9,7,201,135,67.2,141,129,91.5,110,86,78.2,121,94,77.7,200,173,86.5,66,44,66.7,141,112,79.4,224,197,87.9,28,9,32.1,21,12,57.1,56,33,58.9,28,10,35.7,22,13,18,88,19,4
75,May 19 2024 - 7:30am,광주,전북,8,0,22,8,9,4,5,12,-1,-1,5,12,0,0,0,3,0,2,1,0,3,0,패,-2223,22403,2.02,1.59,0,0,0,0,0,0,0,50,558,502,90,13,226,184,81.4,211,202,95.7,120,101,84.2,81,77,95.1,357,324,90.8,45,33,73.3,218,203,93.1,295,266,90.2,33,11,33.3,14,8,57.1,38,20,52.6,9,6,66.7,7,8,14,90,16,10,0,396,324,81.8,3,164,103,62.8,136,129,94.9,40,33,82.5,209,162,77.5,147,129,87.8,56,24,42.9,164,149,90.9,176,151,85.8,9,2,22.2,14,6,42.9,38,18,47.4,20,4,20,28,7,26,63,23,7
76,May 19 2024 - 7:30am,서울,대구,6,3,10,15,5,5,8,12,-1,-1,8,13,0,1,1,2,0,0,4,0,3,0,패,1664,12264,1.28,1.41,0,0,0,0,0,0,0,0,710,635,89.4,6,244,191,78.3,305,291,95.4,142,112,78.9,146,133,91.1,422,390,92.4,46,33,71.7,271,250,92.3,393,352,89.6,31,7,22.6,12,7,58.3,35,19,54.3,14,7,50,10,15,16,78,17,7,0,384,305,79.4,5,189,124,65.6,112,100,89.3,56,49,87.5,172,137,79.7,156,119,76.3,48,20,41.7,106,89,84,230,196,85.2,10,2,20,12,5,41.7,35,16,45.7,17,7,41.2,35,13,18,80,26,7
77,May 19 2024 - 7:30am,강원,울산,0,7,7,12,3,4,5,11,-1,-1,6,12,1,1,1,0,0,0,1,0,1,0,승,15218,7243,1.92,1.52,0,0,0,0,0,0,0,0,340,289,85,4,142,100,70.4,119,114,95.8,41,31,75.6,157,128,81.5,142,130,91.5,57,33,57.9,131,120,91.6,152,136,89.5,12,1,8.3,16,10,62.5,28,17,60.7,20,7,35,39,11,19,66,15,7,0,754,694,92,6,242,199,82.2,343,330,96.2,164,137,83.5,118,111,94.1,472,446,94.5,47,34,72.3,277,264,95.3,430,396,92.1,41,5,12.2,16,6,37.5,28,11,39.3,22,10,45.5,14,7,24,81,10,4
78,May 19 2024 - 10:00am,수원FC,포항,0,11,10,22,4,3,6,12,-1,-1,7,12,1,0,1,0,0,0,1,0,2,0,승,19934,2517,2.47,1.6,0,0,0,0,0,0,0,16.7,368,310,84.2,4,168,119,70.8,119,113,95,65,58,89.2,119,84,70.6,184,168,91.3,60,28,46.7,116,110,94.8,192,172,89.6,9,3,33.3,10,7,70,46,20,43.5,24,9,37.5,57,15,18,57,26,5,50,608,547,90,12,251,205,81.7,216,206,95.4,130,107,82.3,101,95,94.1,377,345,91.5,44,27,61.4,210,193,91.9,354,327,92.4,51,10,19.6,10,3,30,46,26,56.5,23,11,47.8,17,2,18,100,8,11
79,May 25 2024 - 5:00am,전북,김천,3,5,8,21,3,5,5,6,-1,-1,10,8,5,2,0,0,0,0,0,0,0,0,무,10713,3228,1.51,1.42,0,0,0,0,0,0,0,0,495,432,87.3,5,188,139,73.9,197,185,93.9,56,44,78.6,233,209,89.7,206,179,86.9,61,35,57.4,198,184,92.9,236,213,90.3,17,2,11.8,12,6,50,32,16,50,20,10,50,28,6,13,58,14,3,50,490,440,89.8,16,186,147,79,181,174,96.1,113,104,92,118,104,88.1,259,232,89.6,53,31,58.5,171,162,94.7,266,247,92.9,22,4,18.2,12,6,50,32,16,50,14,5,35.7,18,15,18,70,13,5
80,May 25 2024 - 7:30am,울산,대전,10,0,30,2,13,1,8,8,-1,-1,8,8,0,0,4,1,1,0,1,0,1,1,승,21919,-3609,1.97,1.48,0,0,0,0,0,0,0,28.6,695,632,90.9,17,262,209,79.8,282,274,97.2,198,178,89.9,144,130,90.3,353,324,91.8,45,28,62.2,250,234,93.6,400,370,92.5,43,9,20.9,9,3,33.3,38,21,55.3,29,9,31,20,11,20,101,13,7,42.9,357,285,79.8,1,158,98,62,108,102,94.4,38,29,76.3,151,114,75.5,168,142,84.5,67,39,58.2,113,98,86.7,177,148,83.6,8,2,25,9,6,66.7,38,17,44.7,31,8,25.8,35,16,19,74,24,8
81,May 25 2024 - 10:00am,포항,서울,6,4,6,13,3,6,9,10,-1,-1,14,11,5,1,2,2,1,1,0,0,3,0,무,1446,5857,1.84,1.16,0,0,0,0,0,0,0,16.7,381,326,85.6,1,167,120,71.9,120,114,95,46,40,87,133,111,83.5,202,175,86.6,61,38,62.3,121,106,87.6,199,182,91.5,16,0,0,14,5,35.7,24,13,54.2,29,9,31,28,4,15,55,21,4,25,598,534,89.3,10,224,174,77.7,231,221,95.7,138,114,82.6,119,100,84,341,320,93.8,46,28,60.9,223,209,93.7,329,297,90.3,21,8,38.1,14,9,64.3,24,11,45.8,24,9,37.5,23,7,15,62,10,4
82,May 25 2024 - 10:00am,인천,광주,2,0,12,13,2,6,6,14,-1,-1,6,15,0,1,1,1,0,0,1,0,1,0,무,6169,4500,1.75,0.81,0,0,0,0,0,0,0,0,521,450,86.4,7,208,145,69.7,184,177,96.2,63,53,84.1,209,176,84.2,249,221,88.8,52,23,44.2,178,154,86.5,291,273,93.8,19,3,15.8,10,7,70,27,10,37,12,5,41.7,9,16,20,71,8,6,0,583,524,89.9,5,215,168,78.1,233,224,96.1,78,62,79.5,122,112,91.8,383,350,91.4,63,46,73,205,194,94.6,315,284,90.2,7,4,57.1,10,3,30,27,17,63,23,6,26.1,25,15,19,60,18,9
83,May 26 2024 - 7:30am,대구,강원,5,2,6,13,1,4,9,7,-1,-1,9,7,0,0,1,2,0,0,2,0,2,0,패,1648,13462,1.57,1.55,0,0,0,0,0,0,0,0,618,561,90.8,2,227,185,81.5,250,240,96,79,68,86.1,148,133,89.9,391,360,92.1,49,30,61.2,218,201,92.2,351,330,94,21,3,14.3,21,11,52.4,21,10,47.6,29,8,27.6,14,10,27,78,17,6,50,459,394,85.8,7,174,122,70.1,160,150,93.8,76,66,86.8,146,114,78.1,237,214,90.3,59,27,45.8,170,154,90.6,230,213,92.6,11,2,18.2,21,10,47.6,21,11,52.4,28,14,50,27,11,24,68,12,7
84,May 26 2024 - 10:00am,제주,수원FC,3,3,14,9,8,5,13,16,-1,-1,14,17,1,1,1,0,1,0,3,0,4,1,승,19668,3217,1.69,1.47,0,0,0,0,0,0,0,40,450,360,80,6,216,140,64.8,144,135,93.8,98,84,85.7,123,86,69.9,229,190,83,57,24,42.1,146,118,80.8,247,218,88.3,13,4,30.8,22,7,31.8,26,15,57.7,29,5,17.2,30,18,29,87,21,7,0,548,463,84.5,3,237,168,70.9,202,191,94.6,88,70,79.5,131,106,80.9,329,287,87.2,65,41,63.1,186,162,87.1,297,260,87.5,23,3,13,22,15,68.2,26,11,42.3,20,9,45,28,16,23,83,18,14
85,May 28 2024 - 10:30am,광주,포항,6,1,17,5,1,1,11,10,-1,-1,15,10,4,0,0,1,0,1,2,0,3,0,패,-103,13962,2.02,1.6,0,0,0,0,0,0,0,50,606,546,90.1,10,238,195,81.9,210,198,94.3,162,139,85.8,133,120,90.2,311,287,92.3,44,27,61.4,236,223,94.5,326,296,90.8,27,10,37,7,6,85.7,23,14,60.9,15,7,46.7,8,9,10,80,17,4,0,349,279,79.9,4,157,92,58.6,93,92,98.9,55,52,94.5,162,121,74.7,132,106,80.3,66,32,48.5,124,109,87.9,159,138,86.8,10,1,10,7,1,14.3,23,9,39.1,22,8,36.4,34,9,23,58,15,10
86,May 28 2024 - 10:30am,김천,서울,4,9,10,11,5,3,8,7,-1,-1,11,9,3,2,0,0,0,0,0,0,0,0,무,2346,9913,1.2,1.16,0,0,0,0,0,0,0,0,479,417,87.1,6,192,150,78.1,188,172,91.5,113,94,83.2,126,105,83.3,240,218,90.8,44,29,65.9,177,164,92.7,258,224,86.8,13,4,30.8,16,9,56.2,32,15,46.9,21,6,28.6,29,8,17,63,19,13,50,491,426,86.8,7,188,139,73.9,182,171,94,94,80,85.1,163,139,85.3,234,207,88.5,63,42,66.7,183,167,91.3,245,217,88.6,28,9,32.1,16,7,43.8,32,17,53.1,25,8,32,23,10,11,68,12,5
87,May 29 2024 - 10:30am,인천,울산,3,3,15,5,4,3,7,16,-1,-1,8,16,1,0,1,1,0,0,0,0,5,0,무,7809,10246,1.75,1.52,0,0,0,0,0,0,0,28.6,477,397,83.2,11,197,133,67.5,160,148,92.5,75,58,77.3,115,84,73,287,255,88.9,51,24,47.1,152,139,91.4,274,234,85.4,13,6,46.2,20,6,30,25,11,44,13,2,15.4,29,13,23,72,18,6,0,634,563,88.8,5,244,187,76.6,239,230,96.2,102,85,83.3,208,186,89.4,324,292,90.1,52,34,65.4,243,221,90.9,339,308,90.9,23,6,26.1,20,14,70,25,14,56,22,6,27.3,20,8,20,72,21,6
88,May 29 2024 - 10:30am,대전,제주,5,2,17,9,5,4,10,10,-1,-1,13,12,3,2,0,1,0,1,2,0,2,1,패,5628,17002,1.07,1.38,0,0,0,0,0,0,0,12.5,603,525,87.1,10,218,161,73.9,228,213,93.4,110,90,81.8,125,107,85.6,368,328,89.1,75,51,68,242,220,90.9,286,254,88.8,38,6,15.8,22,14,63.6,57,25,43.9,44,9,20.5,11,17,21,95,17,4,14.3,419,336,80.2,5,218,147,67.4,116,109,94,82,61,74.4,130,104,80,207,171,82.6,49,26,53.1,130,111,85.4,240,199,82.9,6,0,0,22,8,36.4,57,32,56.1,31,9,29,43,5,23,81,23,10
89,May 29 2024 - 10:30am,수원FC,대구,5,6,16,9,8,4,5,13,-1,-1,6,13,1,0,2,0,0,0,1,0,3,0,승,15715,368,2.47,1.41,0,0,0,0,0,0,0,100,526,441,83.8,11,237,173,73,157,146,93,108,84,77.8,135,113,83.7,283,244,86.2,64,39,60.9,144,130,90.3,318,272,85.5,11,4,36.4,21,6,28.6,28,16,57.1,29,9,31,23,9,20,83,19,4,33.3,599,535,89.3,4,260,209,80.4,208,198,95.2,121,103,85.1,166,150,90.4,312,282,90.4,51,31,60.8,215,199,92.6,333,305,91.6,23,2,8.7,21,15,71.4,28,12,42.9,38,11,28.9,17,11,20,78,21,7
90,May 29 2024 - 10:30am,강원,전북,6,2,13,3,5,2,10,9,-1,-1,10,9,0,0,2,1,1,1,2,0,4,0,승,11484,7862,1.92,1.59,0,0,0,0,0,0,0,25,464,409,88.1,8,167,127,76,173,164,94.8,63,55,87.3,149,127,85.2,252,227,90.1,40,22,55,216,200,92.6,208,187,89.9,24,5,20.8,9,3,33.3,32,19,59.4,11,5,45.5,21,9,14,68,13,8,0,557,485,87.1,2,198,139,70.2,205,197,96.1,71,62,87.3,161,139,86.3,325,284,87.4,66,32,48.5,240,225,93.8,251,228,90.8,12,3,25,9,6,66.7,32,13,40.6,26,12,46.2,21,8,17,62,21,9
91,Jun 01 2024 - 7:30am,울산,전북,2,3,12,10,2,1,8,8,-1,-1,11,8,3,0,1,0,0,0,1,0,1,0,승,20686,4222,1.97,1.59,0,0,0,0,0,0,0,100,572,511,89.3,5,220,174,79.1,219,208,95,97,79,81.4,118,111,94.1,357,321,89.9,41,26,63.4,239,221,92.5,292,264,90.4,22,3,13.6,18,9,50,24,15,62.5,21,11,52.4,25,9,11,70,15,6,50,520,448,86.2,5,197,142,72.1,202,188,93.1,57,46,80.7,194,165,85.1,269,237,88.1,59,33,55.9,204,183,89.7,257,232,90.3,16,3,18.8,18,9,50,24,9,37.5,27,8,29.6,26,8,21,67,13,7
92,Jun 01 2024 - 10:00am,수원FC,인천,3,9,9,9,5,2,7,11,-1,-1,9,14,2,3,3,1,2,0,1,0,2,0,승,11617,-2843,2.47,1.73,0,0,0,0,0,0,0,33.3,501,427,85.2,5,211,155,73.5,168,155,92.3,82,63,76.8,147,112,76.2,272,252,92.6,68,37,54.4,156,144,92.3,277,246,88.8,7,1,14.3,10,4,40,22,10,45.5,14,3,21.4,40,8,16,64,18,7,66.7,607,544,89.6,3,234,187,79.9,242,233,96.3,129,112,86.8,102,92,90.2,376,340,90.4,41,24,58.5,208,194,93.3,358,326,91.1,30,2,6.7,10,6,60,22,12,54.5,32,9,28.1,16,13,8,68,18,8
93,Jun 01 2024 - 10:00am,김천,포항,4,4,16,11,4,2,14,17,-1,-1,15,20,1,3,3,1,0,0,2,0,1,0,승,5429,-3435,1.2,1.6,0,0,0,0,0,0,0,100,438,369,84.2,6,191,137,71.7,140,128,91.4,78,60,76.9,129,107,82.9,231,202,87.4,49,31,63.3,159,141,88.7,230,197,85.7,13,4,30.8,9,5,55.6,26,14,53.8,13,4,30.8,23,9,11,66,21,3,100,494,424,85.8,7,182,126,69.2,193,180,93.3,50,41,82,175,150,85.7,269,233,86.6,52,28,53.8,208,190,91.3,234,206,88,16,5,31.2,9,4,44.4,26,12,46.2,25,6,24,19,14,16,55,19,7
94,Jun 02 2024 - 7:30am,대전,대구,7,4,9,13,4,4,13,10,-1,-1,15,13,2,3,1,0,0,0,1,0,0,0,승,13191,3093,1.07,1.41,0,0,0,0,0,0,0,0,314,245,78,3,148,98,66.2,112,97,86.6,49,36,73.5,100,73,73,165,136,82.4,60,35,58.3,91,76,83.5,163,134,82.2,15,1,6.7,12,5,41.7,48,24,50,27,6,22.2,18,13,20,66,17,9,0,528,471,89.2,9,184,148,80.4,239,223,93.3,87,70,80.5,116,102,87.9,325,299,92,60,45,75,187,174,93,281,252,89.7,28,10,35.7,12,7,58.3,48,24,50,10,5,50,31,12,17,72,10,5
95,Jun 02 2024 - 7:30am,제주,강원,8,1,12,13,3,5,6,12,-1,-1,8,15,2,3,1,2,0,2,0,1,3,0,패,-1583,13546,1.69,1.55,0,0,0,0,0,0,0,16.7,590,513,86.9,6,223,168,75.3,243,224,92.2,119,101,84.9,150,128,85.3,321,284,88.5,54,34,63,196,177,90.3,340,302,88.8,25,4,16,12,6,50,36,14,38.9,29,9,31,11,14,14,68,13,8,50,444,373,84,8,170,115,67.6,173,158,91.3,50,39,78,201,166,82.6,193,168,87,59,36,61,182,164,90.1,203,173,85.2,7,2,28.6,12,6,50,36,22,61.1,22,7,31.8,34,17,10,64,18,5
96,Jun 02 2024 - 10:00am,서울,광주,8,7,13,9,4,2,5,11,-1,-1,6,13,1,2,1,2,1,1,3,0,2,0,패,1363,12678,1.28,0.81,0,0,0,0,0,0,0,0,525,478,91,8,189,153,81,199,188,94.5,138,125,90.6,154,136,88.3,233,217,93.1,52,36,69.2,215,204,94.9,258,238,92.2,42,7,16.7,9,4,44.4,32,16,50,16,2,12.5,12,6,21,64,9,5,50,432,395,91.4,3,166,134,80.7,163,158,96.9,73,70,95.9,134,112,83.6,225,213,94.7,45,34,75.6,178,168,94.4,209,193,92.3,18,4,22.2,9,5,55.6,32,16,50,16,6,37.5,39,6,10,51,21,6
97,Jun 15 2024 - 9:00am,포항,대전,7,2,18,5,4,1,6,10,-1,-1,6,11,0,1,1,1,1,1,2,0,2,0,무,5965,6219,1.84,1.48,0,0,0,0,0,0,0,0,609,555,91.1,13,233,191,82,241,231,95.9,102,82,80.4,97,88,90.7,410,385,93.9,33,18,54.5,208,194,93.3,368,343,93.2,30,11,36.7,11,6,54.5,37,19,51.4,24,9,37.5,14,9,15,78,23,7,50,456,390,85.5,3,174,125,71.8,166,154,92.8,74,56,75.7,160,135,84.4,222,199,89.6,59,38,64.4,196,185,94.4,201,167,83.1,14,3,21.4,11,5,45.5,37,18,48.6,12,5,41.7,27,5,13,74,20,7
98,Jun 15 2024 - 10:00am,광주,김천,5,2,14,10,4,3,6,13,-1,-1,9,15,3,2,2,0,0,0,1,0,2,1,승,16649,-3480,2.02,1.42,0,0,0,0,0,0,0,28.6,513,466,90.8,8,199,164,82.4,182,174,95.6,113,99,87.6,130,117,90,270,250,92.6,57,39,68.4,212,201,94.8,244,226,92.6,25,6,24,11,8,72.7,24,13,54.2,14,7,50,23,9,10,59,15,4,0,349,286,81.9,6,150,95,63.3,113,107,94.7,50,44,88,169,128,75.7,130,114,87.7,72,39,54.2,130,114,87.7,147,133,90.5,18,3,16.7,11,3,27.3,24,11,45.8,42,8,19,16,12,13,52,15,6
99,Jun 15 2024 - 11:00am,강원,수원FC,9,5,20,13,8,6,19,6,-1,-1,19,8,0,2,3,1,1,0,2,0,0,0,승,14369,-1720,1.92,1.47,0,0,0,0,0,0,0,25,343,285,83.1,12,153,104,68,111,103,92.8,40,30,75,123,96,78,180,159,88.3,51,25,49,116,105,90.5,176,155,88.1,15,6,40,10,8,80,18,10,55.6,26,9,34.6,24,7,21,63,19,3,12.5,629,565,89.8,6,242,195,80.6,240,228,95,116,95,81.9,144,129,89.6,369,341,92.4,57,42,73.7,213,193,90.6,359,330,91.9,19,5,26.3,10,2,20,18,8,44.4,15,5,33.3,14,11,17,72,12,7
100,Jun 16 2024 - 9:00am,울산,서울,4,2,13,12,3,8,12,11,-1,-1,12,13,0,2,2,2,2,0,1,0,2,0,무,12907,9831,1.97,1.16,0,0,0,0,0,0,0,0,493,422,85.6,10,200,150,75,180,162,90,116,95,81.9,154,127,82.5,223,200,89.7,44,22,50,176,161,91.5,273,239,87.5,23,5,21.7,25,13,52,38,18,47.4,23,6,26.1,20,8,10,80,21,4,100,638,561,87.9,7,241,181,75.1,251,240,95.6,135,113,83.7,161,143,88.8,342,305,89.2,52,38,73.1,270,243,90,316,280,88.6,16,7,43.8,25,12,48,38,20,52.6,24,7,29.2,24,10,19,70,25,7
101,Jun 16 2024 - 9:00am,전북,인천,5,4,18,18,4,4,4,6,-1,-1,8,6,4,0,2,2,1,0,1,0,1,0,무,10237,9846,1.51,1.73,0,0,0,0,0,0,0,0,602,549,91.2,9,229,187,81.7,215,209,97.2,109,96,88.1,155,136,87.7,338,317,93.8,74,50,67.6,249,239,96,279,260,93.2,21,7,33.3,11,5,45.5,29,14,48.3,40,10,25,27,11,9,58,12,8,100,520,461,88.7,13,203,161,79.3,195,180,92.3,86,73,84.9,149,132,88.6,285,256,89.8,47,27,57.4,195,179,91.8,278,255,91.7,22,9,40.9,11,6,54.5,29,15,51.7,12,4,33.3,11,10,9,64,15,4
102,Jun 16 2024 - 10:00am,대구,제주,4,7,17,11,7,0,16,4,-1,-1,17,6,1,2,1,0,1,0,4,0,2,0,승,13607,3391,1.57,1.38,0,0,0,0,0,0,0,20,468,396,84.6,9,201,144,71.6,168,158,94,94,83,88.3,159,126,79.2,215,187,87,56,33,58.9,162,144,88.9,250,219,87.6,18,2,11.1,17,5,29.4,30,20,66.7,42,20,47.6,30,6,22,86,18,6,50,534,461,86.3,9,248,189,76.2,183,169,92.3,101,84,83.2,139,116,83.5,294,261,88.8,53,28,52.8,157,133,84.7,324,300,92.6,19,3,15.8,17,12,70.6,30,10,33.3,30,16,53.3,19,16,21,73,19,8
103,Jun 22 2024 - 9:00am,대구,전북,2,5,17,8,10,3,11,13,-1,-1,15,13,4,0,3,0,1,0,2,0,3,0,승,20720,-1155,1.57,1.59,0,0,0,0,0,0,0,20,380,310,81.6,6,183,129,70.5,104,94,90.4,54,43,79.6,119,89,74.8,207,178,86,50,19,38,130,113,86.9,200,178,89,6,2,33.3,24,11,45.8,20,9,45,28,9,32.1,32,9,19,72,21,5,50,576,495,85.9,5,240,180,75,206,191,92.7,103,81,78.6,121,98,81,352,316,89.8,54,32,59.3,194,173,89.2,328,290,88.4,24,4,16.7,24,13,54.2,20,11,55,38,11,28.9,7,11,23,70,17,9
104,Jun 22 2024 - 10:00am,대전,광주,4,3,10,8,4,1,6,8,-1,-1,7,8,1,0,2,1,0,1,2,0,3,0,승,12237,-615,1.07,0.81,0,0,0,0,0,0,0,0,538,480,89.2,8,193,143,74.1,217,210,96.8,70,61,87.1,233,204,87.6,235,215,91.5,49,26,53.1,242,230,95,247,224,90.7,23,6,26.1,12,8,66.7,21,11,52.4,25,8,32,12,10,20,54,11,5,0,545,502,92.1,5,202,175,86.6,191,180,94.2,99,84,84.8,96,83,86.5,350,335,95.7,36,29,80.6,205,193,94.1,304,280,92.1,12,2,16.7,12,4,33.3,21,10,47.6,4,1,25,21,15,12,54,13,5
105,Jun 22 2024 - 10:00am,강원,김천,3,5,6,14,2,4,11,11,-1,-1,13,11,2,0,2,3,2,3,1,0,1,0,패,1116,16482,1.92,1.42,0,0,0,0,0,0,0,33.3,565,499,88.3,5,209,158,75.6,225,211,93.8,89,71,79.8,151,132,87.4,325,296,91.1,58,41,70.7,235,215,91.5,272,243,89.3,20,6,30,19,11,57.9,33,14,42.4,23,9,39.1,22,12,14,62,19,6,50,371,302,81.4,11,174,117,67.2,119,111,93.3,55,42,76.4,129,101,78.3,187,159,85,50,28,56,134,117,87.3,187,157,84,21,7,33.3,19,8,42.1,33,19,57.6,21,8,38.1,25,6,23,72,17,2
106,Jun 22 2024 - 11:00am,서울,수원FC,4,5,11,15,4,1,8,10,-1,-1,10,11,2,1,3,0,1,0,3,0,1,0,승,18034,-2384,1.28,1.47,0,0,0,0,0,0,0,50,558,492,88.2,7,218,160,73.4,204,199,97.5,107,98,91.6,115,87,75.7,336,307,91.4,51,28,54.9,201,179,89.1,306,285,93.1,18,2,11.1,21,8,38.1,28,11,39.3,34,5,14.7,19,12,8,72,21,8,66.7,547,490,89.6,9,206,166,80.6,230,219,95.2,112,94,83.9,154,134,87,281,262,93.2,45,29,64.4,157,144,91.7,345,317,91.9,17,1,5.9,21,13,61.9,28,17,60.7,18,5,27.8,18,9,22,64,21,11
107,Jun 23 2024 - 9:00am,인천,포항,2,6,5,18,3,13,8,7,-1,-1,9,8,1,1,1,3,0,1,0,0,1,0,패,-1553,20237,1.75,1.6,0,0,0,0,0,0,0,66.7,548,481,87.8,1,200,149,74.5,223,210,94.2,65,59,90.8,145,120,82.8,338,302,89.3,43,21,48.8,164,149,90.9,341,311,91.2,7,0,0,16,3,18.8,15,6,40,28,7,25,18,9,16,54,10,7,20,724,672,92.8,14,281,245,87.2,258,247,95.7,111,97,87.4,187,175,93.6,426,400,93.9,90,68,75.6,257,247,96.1,377,357,94.7,22,8,36.4,16,13,81.2,15,9,60,16,4,25,9,10,14,78,18,6
108,Jun 23 2024 - 10:00am,제주,울산,3,3,15,12,5,8,8,11,-1,-1,9,17,1,6,2,3,1,1,1,0,1,0,패,-426,16154,1.69,1.52,0,0,0,0,0,0,0,40,403,339,84.1,6,181,129,71.3,136,127,93.4,81,65,80.2,135,110,81.5,187,164,87.7,50,29,58,152,136,89.5,201,174,86.6,21,6,28.6,14,6,42.9,29,14,48.3,24,7,29.2,10,7,14,74,16,8,33.3,576,513,89.1,7,208,159,76.4,251,241,96,122,100,82,138,126,91.3,316,287,90.8,64,48,75,203,187,92.1,309,278,90,14,1,7.1,14,8,57.1,29,15,51.7,18,5,27.8,21,10,18,66,18,6
109,Jun 25 2024 - 10:30am,수원FC,광주,5,4,7,8,3,2,14,14,-1,-1,14,16,0,2,1,0,0,0,1,0,1,0,승,15214,-497,2.47,0.81,0,0,0,0,0,0,0,25,370,314,84.9,4,149,99,66.4,132,126,95.5,77,70,90.9,131,98,74.8,162,146,90.1,65,31,47.7,133,125,94,172,158,91.9,15,4,26.7,7,0,0,22,10,45.5,20,5,25,35,8,14,65,16,4,0,510,458,89.8,4,193,160,82.9,199,189,95,112,91,81.2,103,94,91.3,295,273,92.5,48,37,77.1,216,201,93.1,246,220,89.4,34,8,23.5,7,7,100,22,12,54.5,24,9,37.5,12,5,18,70,14,11
110,Jun 25 2024 - 10:30am,김천,대전,7,3,11,5,4,2,11,3,-1,-1,14,4,3,1,2,0,0,0,1,0,0,0,승,15926,-1774,1.2,1.48,0,0,0,0,0,0,0,50,533,469,88,8,201,151,75.1,202,194,96,142,123,86.6,106,83,78.3,285,263,92.3,38,19,50,210,195,92.9,285,255,89.5,31,7,22.6,11,7,63.6,36,13,36.1,23,5,21.7,20,5,15,84,13,10,50,472,410,86.9,0,193,138,71.5,164,159,97,58,54,93.1,177,149,84.2,237,207,87.3,62,31,50,199,188,94.5,211,191,90.5,16,1,6.2,11,4,36.4,36,23,63.9,13,1,7.7,28,13,18,64,20,6
111,Jun 26 2024 - 10:30am,울산,대구,4,3,9,11,3,2,12,15,-1,-1,16,16,4,1,1,0,1,0,2,0,2,0,승,17100,1408,1.97,1.41,0,0,0,0,0,0,0,33.3,379,300,79.2,6,164,102,62.2,134,120,89.6,61,42,68.9,98,79,80.6,220,179,81.4,61,30,49.2,117,100,85.5,201,170,84.6,16,3,18.8,13,7,53.8,28,9,32.1,33,10,30.3,21,18,24,57,26,5,50,534,451,84.5,6,209,140,67,220,210,95.5,82,63,76.8,170,141,82.9,282,247,87.6,53,30,56.6,199,179,89.9,282,242,85.8,19,9,47.4,13,6,46.2,28,19,67.9,19,5,26.3,18,15,18,80,14,3
112,Jun 26 2024 - 10:30am,전북,포항,4,2,14,9,4,3,6,13,-1,-1,6,14,0,1,1,1,1,1,1,0,1,0,무,12399,8063,1.51,1.6,0,0,0,0,0,0,0,33.3,466,407,87.3,12,180,131,72.8,188,181,96.3,115,102,88.7,149,123,82.6,202,182,90.1,52,31,59.6,147,137,93.2,267,239,89.5,21,6,28.6,11,3,27.3,35,17,48.6,18,4,22.2,16,12,13,58,12,6,0,627,579,92.3,8,244,204,83.6,248,242,97.6,112,100,89.3,119,106,89.1,396,373,94.2,47,31,66,243,230,94.7,337,318,94.4,23,5,21.7,11,8,72.7,35,18,51.4,22,5,22.7,18,12,11,57,17,6
113,Jun 26 2024 - 10:30am,서울,강원,4,1,10,9,5,3,11,13,-1,-1,11,14,0,1,2,0,0,0,1,0,3,0,승,14835,-2235,1.28,1.55,0,0,0,0,0,0,0,75,700,635,90.7,6,236,184,78,286,278,97.2,86,73,84.9,261,241,92.3,353,321,90.9,60,41,68.3,290,273,94.1,350,321,91.7,12,4,33.3,10,5,50,20,7,35,24,8,33.3,12,5,23,59,4,10,50,370,326,88.1,8,149,114,76.5,139,132,95,54,46,85.2,109,96,88.1,207,184,88.9,41,24,58.5,140,130,92.9,189,172,91,9,2,22.2,10,5,50,20,13,65,32,7,21.9,26,6,16,58,20,3
114,Jun 26 2024 - 10:30am,제주,인천,7,1,12,8,4,0,7,17,-1,-1,10,18,3,1,1,0,0,0,0,0,0,0,승,14590,473,1.69,1.73,0,0,0,0,0,0,0,0,591,522,88.3,7,230,178,77.4,229,219,95.6,74,54,73,113,103,91.2,404,365,90.3,52,32,61.5,223,206,92.4,316,284,89.9,24,9,37.5,16,5,31.2,21,9,42.9,18,3,16.7,15,7,17,76,15,10,0,515,448,87,3,187,136,72.7,209,198,94.7,75,63,84,133,106,79.7,307,279,90.9,47,26,55.3,160,148,92.5,308,274,89,10,2,20,16,11,68.8,21,12,57.1,22,9,40.9,25,3,28,65,18,10
115,Jun 29 2024 - 9:00am,김천,대구,8,8,21,15,7,3,10,2,-1,-1,13,6,3,4,2,0,0,0,2,0,0,0,승,19350,1122,1.2,1.41,0,0,0,0,0,0,0,50,389,305,78.4,11,171,112,65.5,135,114,84.4,122,94,77,105,73,69.5,162,138,85.2,44,18,40.9,134,110,82.1,211,177,83.9,22,5,22.7,22,11,50,33,14,42.4,37,7,18.9,51,8,22,90,23,6,42.9,422,338,80.1,6,198,132,66.7,141,125,88.7,108,91,84.3,101,72,71.3,213,175,82.2,58,30,51.7,120,98,81.7,244,210,86.1,29,3,10.3,22,11,50,33,19,57.6,32,10,31.2,30,11,10,90,27,5
116,Jun 29 2024 - 10:00am,전북,서울,4,5,11,14,2,9,14,10,-1,-1,15,10,1,0,1,5,0,2,2,1,4,0,패,-2718,16265,1.51,1.16,0,0,0,0,0,0,0,25,460,393,85.4,7,185,128,69.2,183,174,95.1,95,82,86.3,130,110,84.6,235,201,85.5,42,17,40.5,158,141,89.2,260,235,90.4,12,4,33.3,12,7,58.3,23,9,39.1,29,8,27.6,18,7,15,66,12,3,0,564,499,88.5,10,215,164,76.3,224,212,94.6,81,65,80.2,155,134,86.5,328,300,91.5,67,43,64.2,202,183,90.6,295,273,92.5,14,5,35.7,12,5,41.7,23,14,60.9,30,8,26.7,21,11,14,58,13,7
117,Jun 29 2024 - 11:00am,대전,수원FC,4,5,8,13,2,4,3,3,-1,-1,3,3,0,0,0,2,0,1,0,0,0,0,패,-1276,15086,1.07,1.47,0,0,0,0,0,0,0,25,625,566,90.6,4,219,171,78.1,260,253,97.3,134,117,87.3,142,124,87.3,349,325,93.1,43,27,62.8,218,202,92.7,364,337,92.6,21,3,14.3,15,10,66.7,24,17,70.8,27,2,7.4,15,12,22,66,23,6,20,648,582,89.8,9,221,173,78.3,263,250,95.1,106,94,88.7,144,115,79.9,398,373,93.7,58,34,58.6,217,196,90.3,373,352,94.4,13,1,7.7,15,5,33.3,24,7,29.2,21,8,38.1,26,12,17,66,12,2
118,Jun 30 2024 - 9:00am,포항,울산,7,6,10,10,5,5,6,8,-1,-1,7,11,1,3,2,1,2,1,1,0,0,0,승,13840,3584,1.84,1.52,0,0,0,0,0,0,0,50,527,478,90.7,7,187,148,79.1,202,194,96,51,47,92.2,201,176,87.6,275,255,92.7,48,29,60.4,192,180,93.8,287,269,93.7,20,2,10,13,8,61.5,28,10,35.7,15,7,46.7,20,9,14,46,12,5,50,514,468,91.1,7,179,138,77.1,229,224,97.8,121,107,88.4,83,71,85.5,310,290,93.5,42,25,59.5,198,189,95.5,274,254,92.7,22,3,13.6,13,5,38.5,28,18,64.3,25,3,12,16,6,12,62,20,1
119,Jun 30 2024 - 10:00am,광주,제주,9,4,15,10,6,3,12,7,-1,-1,12,7,0,0,2,1,1,1,2,0,1,0,승,16406,275,2.02,1.38,0,0,0,0,0,0,0,33.3,541,501,92.6,8,191,163,85.3,218,212,97.2,111,98,88.3,80,69,86.2,350,334,95.4,55,45,81.8,216,205,94.9,270,251,93,37,5,13.5,12,9,75,23,14,60.9,17,6,35.3,16,9,17,68,12,8,25,357,306,85.7,4,149,106,71.1,115,109,94.8,49,46,93.9,148,118,79.7,160,142,88.8,52,29,55.8,146,131,89.7,159,146,91.8,19,5,26.3,12,3,25,23,9,39.1,39,8,20.5,41,4,11,60,23,6
120,Jun 30 2024 - 10:00am,인천,강원,3,11,7,18,2,5,9,9,-1,-1,10,10,1,1,0,1,0,0,1,0,2,0,패,-1154,13862,1.75,1.55,0,0,0,0,0,0,0,100,375,326,86.9,4,145,108,74.5,148,141,95.3,51,41,80.4,106,87,82.1,218,198,90.8,45,26,57.8,135,121,89.6,195,179,91.8,22,5,22.7,11,4,36.4,31,18,58.1,10,7,70,23,7,19,55,25,8,20,546,499,91.4,11,187,151,80.7,219,210,95.9,120,107,89.2,91,80,87.9,335,312,93.1,54,40,74.1,241,228,94.6,251,231,92,30,2,6.7,11,7,63.6,31,13,41.9,14,6,42.9,15,8,11,69,11,11
121,Jul 05 2024 - 10:30am,인천,김천,5,2,12,14,3,5,10,10,-1,-1,11,10,1,0,1,1,0,1,5,0,2,0,무,7657,8085,1.75,1.42,0,0,0,0,0,0,0,0,493,420,85.2,9,210,151,71.9,170,161,94.7,56,48,85.7,203,166,81.8,234,206,88,59,34,57.6,169,155,91.7,265,231,87.2,20,6,30,12,6,50,31,18,58.1,27,8,29.6,20,9,25,72,14,4,0,515,451,87.6,9,208,154,74,190,181,95.3,131,113,86.3,96,83,86.5,288,255,88.5,68,42,61.8,175,158,90.3,272,251,92.3,25,8,32,12,6,50,31,13,41.9,20,10,50,18,7,21,76,24,7
122,Jul 05 2024 - 10:30am,수원FC,울산,2,6,9,7,2,1,9,10,-1,-1,10,10,1,0,1,1,0,0,0,0,2,0,무,6725,6075,2.47,1.52,0,0,0,0,0,0,0,0,403,340,84.4,7,163,107,65.6,146,140,95.9,65,57,87.7,134,105,78.4,204,178,87.3,57,34,59.6,150,134,89.3,196,172,87.8,12,4,33.3,12,5,41.7,24,12,50,25,6,24,33,9,11,61,25,4,0,736,666,90.5,5,268,211,78.7,285,276,96.8,179,153,85.5,144,130,90.3,413,383,92.7,69,47,68.1,255,238,93.3,412,381,92.5,24,4,16.7,12,7,58.3,24,12,50,8,2,25,14,10,16,70,14,4
123,Jul 06 2024 - 10:00am,제주,서울,10,5,18,17,6,6,4,4,-1,-1,4,7,0,3,3,2,2,0,1,0,0,0,승,16806,4138,1.69,1.16,0,0,0,0,0,0,0,16.7,313,248,79.2,10,134,77,57.5,118,111,94.1,58,45,77.6,128,97,75.8,127,106,83.5,43,20,46.5,93,79,84.9,177,149,84.2,16,4,25,17,7,41.2,25,10,40,29,7,24.1,28,7,19,63,21,7,33.3,688,618,89.8,14,248,196,79,286,273,95.5,160,135,84.4,110,94,85.5,418,389,93.1,52,32,61.5,262,244,93.1,374,342,91.4,20,6,30,17,10,58.8,25,15,60,22,13,59.1,21,7,17,75,22,6
124,Jul 06 2024 - 10:30am,대구,포항,6,3,20,10,5,4,9,3,-1,-1,9,3,0,0,3,3,1,1,2,1,2,0,무,5702,9283,1.57,1.6,0,0,0,0,0,0,0,0,418,377,90.2,12,169,138,81.7,164,157,95.7,88,74,84.1,88,76,86.4,242,227,93.8,56,38,67.9,137,131,95.6,225,208,92.4,30,8,26.7,21,7,33.3,25,14,56,41,9,22,20,5,11,71,14,3,20,603,550,91.2,8,234,190,81.2,230,223,97,101,86,85.1,135,124,91.9,367,340,92.6,57,40,70.2,191,177,92.7,355,333,93.8,17,5,29.4,21,14,66.7,25,11,44,25,7,28,25,8,15,57,15,6
125,Jul 07 2024 - 10:00am,대전,전북,8,3,7,6,4,3,11,8,-1,-1,11,10,0,2,2,2,0,1,2,0,2,0,무,5471,6580,1.07,1.59,0,0,0,0,0,0,0,33.3,595,539,90.6,4,213,175,82.2,269,256,95.2,95,74,77.9,133,125,94,367,340,92.6,36,26,72.2,262,246,93.9,297,267,89.9,28,5,17.9,14,8,57.1,33,17,51.5,18,7,38.9,13,9,12,64,10,8,33.3,538,478,88.8,4,199,146,73.4,221,214,96.8,82,79,96.3,140,121,86.4,316,278,88,45,29,64.4,167,141,84.4,326,308,94.5,12,2,16.7,14,6,42.9,33,16,48.5,28,10,35.7,23,12,15,61,16,7
126,Jul 07 2024 - 10:00am,강원,광주,2,4,8,12,2,4,12,9,-1,-1,12,10,0,1,2,0,1,0,3,0,2,0,승,17674,-2639,1.92,0.81,0,0,0,0,0,0,0,66.7,536,470,87.7,4,195,137,70.3,202,199,98.5,61,52,85.2,249,216,86.7,226,202,89.4,69,33,47.8,217,210,96.8,250,227,90.8,11,1,9.1,13,8,61.5,20,9,45,26,6,23.1,29,14,19,56,14,7,66.7,442,389,88,10,159,117,73.6,180,172,95.6,85,72,84.7,132,117,88.6,225,200,88.9,40,27,67.5,206,187,90.8,196,175,89.3,29,5,17.2,13,5,38.5,20,11,55,24,5,20.8,10,10,10,71,21,8
127,Jul 09 2024 - 10:30am,대구,인천,8,4,13,8,0,2,7,10,-1,-1,9,12,2,2,0,0,0,0,1,0,1,0,무,11265,11743,1.57,1.73,0,0,0,0,0,0,0,66.7,434,354,81.6,8,212,152,71.7,136,119,87.5,99,73,73.7,84,69,82.1,251,212,84.5,58,43,74.1,144,125,86.8,232,186,80.2,32,6,18.8,30,13,43.3,47,25,53.2,30,14,46.7,21,11,14,95,18,6,16.7,527,447,84.8,4,213,148,69.5,203,189,93.1,70,60,85.7,146,115,78.8,311,272,87.5,49,24,49,149,130,87.2,329,293,89.1,11,2,18.2,30,17,56.7,47,22,46.8,20,7,35,48,14,25,84,15,12
128,Jul 09 2024 - 10:30am,김천,수원FC,8,2,13,13,5,3,7,13,-1,-1,7,14,0,1,2,3,0,2,2,0,2,0,패,-496,11674,1.2,1.47,0,0,0,0,0,0,0,0,606,544,89.8,11,250,204,81.6,230,218,94.8,186,161,86.6,131,112,85.5,289,271,93.8,34,26,76.5,214,192,89.7,358,326,91.1,49,5,10.2,17,12,70.6,30,15,50,18,8,44.4,14,10,22,86,19,10,50,321,245,76.3,6,157,95,60.5,102,91,89.2,89,71,79.8,80,49,61.2,152,125,82.2,63,33,52.4,92,74,80.4,166,138,83.1,12,4,33.3,17,5,29.4,30,15,50,15,7,46.7,46,6,16,76,20,6
129,Jul 10 2024 - 10:30am,울산,광주,9,5,12,17,3,4,11,15,-1,-1,11,15,0,0,0,1,0,0,1,0,2,0,패,1673,17674,1.97,0.81,0,0,0,0,0,0,0,33.3,625,562,89.9,9,232,183,78.9,231,219,94.8,203,181,89.2,132,111,84.1,290,270,93.1,64,44,68.8,245,227,92.7,316,291,92.1,37,6,16.2,10,5,50,21,9,42.9,27,8,29.6,20,6,12,68,22,5,0,393,356,90.6,9,154,126,81.8,147,141,95.9,92,78,84.8,126,112,88.9,175,166,94.9,32,24,75,163,152,93.3,198,180,90.9,18,3,16.7,10,5,50,21,12,57.1,31,4,12.9,41,9,9,66,25,9
130,Jul 10 2024 - 10:30am,포항,강원,1,5,4,8,2,3,12,11,-1,-1,13,12,1,1,2,0,0,0,1,0,1,0,승,18377,-1571,1.84,1.55,0,0,0,0,0,0,0,0,558,510,91.4,3,190,152,80,232,225,97,49,38,77.6,207,192,92.8,302,280,92.7,51,34,66.7,218,208,95.4,289,268,92.7,11,1,9.1,21,11,52.4,7,7,100,37,14,37.8,26,9,17,50,13,6,0,558,509,91.2,6,192,154,80.2,234,224,95.7,107,89,83.2,125,112,89.6,326,308,94.5,27,18,66.7,218,207,95,313,284,90.7,15,3,20,21,10,47.6,7,0,0,16,5,31.2,18,11,20,50,10,4
131,Jul 10 2024 - 10:30am,전북,제주,3,3,7,11,6,1,9,7,-1,-1,11,8,2,1,2,1,1,1,1,0,1,0,승,13901,1401,1.51,1.38,0,0,0,0,0,0,0,0,444,377,84.9,3,179,127,70.9,172,161,93.6,67,57,85.1,121,100,82.6,256,220,85.9,51,34,66.7,150,131,87.3,243,212,87.2,16,3,18.8,17,10,58.8,33,16,48.5,34,8,23.5,32,11,18,66,12,4,40,604,529,87.6,7,225,166,73.8,252,239,94.8,108,84,77.8,140,124,88.6,356,321,90.2,55,36,65.5,236,219,92.8,313,274,87.5,19,6,31.6,17,7,41.2,33,17,51.5,28,4,14.3,11,13,21,76,17,3
132,Jul 10 2024 - 10:30am,서울,대전,6,3,17,8,6,2,6,11,-1,-1,7,14,1,3,2,1,0,1,1,0,5,0,승,14191,-465,1.28,1.48,0,0,0,0,0,0,0,50,646,575,89,12,232,176,75.9,278,266,95.7,165,143,86.7,76,62,81.6,405,370,91.4,51,30,58.8,214,196,91.6,381,349,91.6,22,4,18.2,23,8,34.8,37,17,45.9,18,5,27.8,13,7,14,85,15,5,0,441,371,84.1,7,175,126,72,153,136,88.9,62,49,79,171,142,83,208,180,86.5,54,37,68.5,147,127,86.4,240,207,86.2,16,6,37.5,23,15,65.2,37,20,54.1,21,6,28.6,26,5,24,72,25,2
133,Jul 13 2024 - 10:00am,울산,서울,3,2,5,7,2,2,16,12,-1,-1,20,14,4,2,1,0,0,0,2,0,1,0,승,15698,605,1.97,1.16,0,0,0,0,0,0,0,0,526,457,86.9,2,208,154,74,190,180,94.7,100,82,82,162,144,88.9,264,231,87.5,54,36,66.7,185,168,90.8,287,253,88.2,13,1,7.7,14,7,50,24,10,41.7,19,6,31.6,22,13,25,69,14,8,0,462,396,85.7,4,187,138,73.8,179,166,92.7,116,100,86.2,99,76,76.8,247,220,89.1,54,32,59.3,144,128,88.9,264,236,89.4,18,6,33.3,14,7,50,24,14,58.3,27,10,37,14,11,7,76,12,7
134,Jul 13 2024 - 10:30am,대전,강원,1,7,4,8,2,3,8,15,-1,-1,9,17,1,2,1,1,1,0,0,0,2,0,무,6574,7954,1.07,1.55,0,0,0,0,0,0,0,33.3,551,482,87.5,3,194,138,71.1,221,212,95.9,40,31,77.5,241,210,87.1,270,241,89.3,65,44,67.7,262,242,92.4,224,196,87.5,6,1,16.7,15,5,33.3,26,10,38.5,24,8,33.3,23,14,8,57,22,4,33.3,528,463,87.7,6,203,152,74.9,201,191,95,92,77,83.7,97,87,89.7,339,299,88.2,49,28,57.1,161,143,88.8,318,292,91.8,27,4,14.8,15,10,66.7,26,16,61.5,18,13,72.2,18,10,17,71,15,10
135,Jul 13 2024 - 10:30am,제주,포항,4,3,20,8,4,2,11,15,-1,-1,12,16,1,1,2,1,0,0,1,0,3,0,승,13567,-433,1.69,1.6,0,0,0,0,0,0,0,33.3,493,426,86.4,12,201,145,72.1,178,171,96.1,67,53,79.1,147,128,87.1,279,245,87.8,57,33,57.9,177,166,93.8,259,227,87.6,18,7,38.9,13,6,46.2,27,11,40.7,13,6,46.2,12,8,12,70,14,2,33.3,499,435,87.2,3,186,136,73.1,200,189,94.5,43,33,76.7,182,153,84.1,274,249,90.9,56,33,58.9,190,175,92.1,253,227,89.7,12,3,25,13,7,53.8,27,16,59.3,28,5,17.9,16,8,14,51,24,8
136,Jul 14 2024 - 10:00am,광주,인천,6,4,12,10,5,6,10,10,-1,-1,11,13,1,3,0,2,0,1,0,0,1,0,패,-1468,17897,2.02,1.73,0,0,0,0,0,0,0,0,555,510,91.9,8,191,161,84.3,234,221,94.4,124,104,83.9,91,85,93.4,340,321,94.4,50,37,74,247,238,96.4,258,235,91.1,24,4,16.7,16,5,31.2,16,9,56.2,15,3,20,12,11,8,64,16,8,0,459,391,85.2,5,187,132,70.6,162,152,93.8,33,29,87.9,223,190,85.2,203,172,84.7,63,37,58.7,184,169,91.8,212,185,87.3,17,3,17.6,16,11,68.8,16,7,43.8,31,13,41.9,29,8,15,61,13,6
137,Jul 14 2024 - 10:00am,수원FC,대구,4,4,17,11,6,4,7,13,-1,-1,8,14,1,1,2,2,1,0,1,0,0,0,무,6944,9598,2.47,1.41,0,0,0,0,0,0,0,0,719,657,91.4,8,283,235,83,275,263,95.6,133,117,88,139,123,88.5,447,417,93.3,62,43,69.4,255,234,91.8,402,380,94.5,24,3,12.5,15,6,40,35,15,42.9,27,5,18.5,19,8,17,76,16,4,16.7,341,282,82.7,8,162,115,71,114,104,91.2,88,78,88.6,89,61,68.5,164,143,87.2,52,26,50,118,109,92.4,171,147,86,18,6,33.3,15,9,60,35,20,57.1,28,5,17.9,28,13,14,63,12,5
138,Jul 14 2024 - 10:00am,김천,전북,7,2,29,4,13,0,10,8,-1,-1,11,12,1,4,4,0,1,0,3,0,1,1,승,24489,-7870,1.2,1.59,0,0,0,0,0,0,0,0,663,616,92.9,23,240,211,87.9,269,257,95.5,236,216,91.5,108,104,96.3,319,296,92.8,32,25,78.1,251,237,94.4,380,354,93.2,39,10,25.6,8,6,75,28,10,35.7,16,4,25,15,7,14,81,19,6,0,284,216,76.1,1,140,81,57.9,86,79,91.9,40,31,77.5,115,82,71.3,129,103,79.8,57,33,57.9,90,70,77.8,137,113,82.5,13,3,23.1,8,2,25,28,18,64.3,20,4,20,28,10,10,54,21,10
139,Jul 20 2024 - 10:00am,전북,울산,2,3,10,8,5,2,8,12,-1,-1,10,15,2,3,2,0,0,0,3,0,1,0,승,19789,-374,1.51,1.52,0,0,0,0,0,0,0,0,455,405,89,7,180,143,79.4,175,168,96,90,78,86.7,106,94,88.7,259,233,90,43,26,60.5,181,167,92.3,231,212,91.8,22,5,22.7,18,9,50,31,19,61.3,13,5,38.5,19,9,9,59,17,5,100,501,425,84.8,5,187,126,67.4,198,186,93.9,82,72,87.8,191,164,85.9,228,189,82.9,70,43,61.4,202,183,90.6,229,199,86.9,15,4,26.7,18,9,50,31,12,38.7,17,7,41.2,24,7,13,66,12,2
140,Jul 20 2024 - 10:30am,강원,제주,4,6,19,14,9,5,8,6,-1,-1,10,6,2,0,4,0,3,0,1,0,1,0,승,25123,-4603,1.92,1.38,0,0,0,0,0,0,0,0,582,518,89,14,201,152,75.6,233,222,95.3,106,93,87.7,201,172,85.6,275,253,92,62,39,62.9,200,185,92.5,320,294,91.9,15,8,53.3,17,9,52.9,22,9,40.9,25,10,40,21,10,18,59,19,1,0,520,458,88.1,7,193,145,75.1,203,195,96.1,77,62,80.5,143,121,84.6,300,275,91.7,45,29,64.4,156,145,92.9,319,284,89,15,5,33.3,17,8,47.1,22,13,59.1,18,6,33.3,19,8,21,68,17,7
141,Jul 21 2024 - 10:00am,인천,수원FC,5,3,7,13,3,6,12,10,-1,-1,12,12,0,2,1,4,0,2,0,0,1,0,패,-4185,17960,1.75,1.47,0,0,0,0,0,0,0,33.3,635,571,89.9,4,213,169,79.3,275,259,94.2,78,66,84.6,133,118,88.7,424,387,91.3,61,40,65.6,248,235,94.8,326,296,90.8,23,3,13,10,5,50,27,15,55.6,13,5,38.5,13,4,6,66,13,4,33.3,388,324,83.5,7,165,114,69.1,138,129,93.5,48,39,81.2,148,122,82.4,192,163,84.9,56,31,55.4,136,122,89.7,196,171,87.2,6,2,33.3,10,5,50,27,12,44.4,21,5,23.8,26,12,14,51,14,3
142,Jul 21 2024 - 10:00am,대구,광주,5,7,15,10,2,5,14,13,-1,-1,16,16,2,3,0,1,0,1,4,0,3,0,패,-650,16322,1.57,0.81,0,0,0,0,0,0,0,33.3,488,434,88.9,8,184,143,77.7,196,185,94.4,111,94,84.7,132,116,87.9,245,224,91.4,47,34,72.3,189,177,93.7,252,223,88.5,35,6,17.1,9,3,33.3,22,12,54.5,33,6,18.2,17,13,12,68,6,3,33.3,436,387,88.8,3,169,134,79.3,164,153,93.3,80,66,82.5,126,109,86.5,230,212,92.2,37,21,56.8,148,137,92.6,251,229,91.2,15,2,13.3,9,6,66.7,22,10,45.5,27,7,25.9,29,8,15,53,31,9
143,Jul 21 2024 - 10:00am,서울,김천,2,4,13,9,4,1,9,13,-1,-1,10,14,1,1,1,0,0,0,0,0,0,0,승,14355,545,1.28,1.42,0,0,0,0,0,0,0,0,387,337,87.1,9,163,123,75.5,154,145,94.2,61,55,90.2,140,120,85.7,186,162,87.1,49,32,65.3,155,142,91.6,183,163,89.1,13,5,38.5,20,8,40,16,8,50,18,4,22.2,13,10,11,60,19,8,33.3,519,459,88.4,4,197,150,76.1,206,199,96.6,101,82,81.2,108,100,92.6,310,277,89.4,50,34,68,184,169,91.8,285,256,89.8,20,3,15,20,12,60,16,8,50,24,6,25,9,9,14,59,13,6
144,Jul 21 2024 - 10:00am,대전,포항,1,3,9,7,3,3,10,10,-1,-1,10,10,0,0,1,2,1,0,0,0,2,0,패,2972,14530,1.07,1.6,0,0,0,0,0,0,0,0,569,508,89.3,7,210,157,74.8,246,241,98,115,101,87.8,105,85,81,349,322,92.3,41,23,56.1,178,156,87.6,350,329,94,17,3,17.6,22,16,72.7,22,12,54.5,26,10,38.5,19,10,15,62,10,9,0,522,450,86.2,4,206,146,70.9,186,175,94.1,55,44,80,223,193,86.5,244,213,87.3,61,38,62.3,178,158,88.8,283,254,89.8,12,3,25,22,6,27.3,22,10,45.5,35,10,28.6,17,10,12,54,15,6
145,Jul 26 2024 - 10:30am,제주,울산,5,10,15,11,5,2,8,9,-1,-1,8,12,0,3,1,0,0,0,0,0,1,0,승,16476,2403,1.69,1.52,0,0,0,0,0,0,0,20,386,336,87,9,164,122,74.4,117,111,94.9,63,53,84.1,133,109,82,190,174,91.6,33,18,54.5,137,119,86.9,216,199,92.1,19,3,15.8,19,9,47.4,35,18,51.4,19,8,42.1,39,6,17,62,24,3,66.7,548,484,88.3,7,197,150,76.1,225,211,93.8,99,79,79.8,125,113,90.4,324,292,90.1,61,40,65.6,203,185,91.1,284,259,91.2,32,6,18.8,19,10,52.6,35,17,48.6,21,7,33.3,19,5,19,84,15,5
146,Jul 26 2024 - 10:30am,강원,전북,6,4,19,6,8,2,3,11,-1,-1,4,11,1,0,4,2,1,0,2,0,2,0,승,17432,1284,1.92,1.59,0,0,0,0,0,0,0,100,483,427,88.4,11,175,127,72.6,181,174,96.1,73,66,90.4,198,165,83.3,212,196,92.5,56,30,53.6,157,140,89.2,270,257,95.2,9,2,22.2,16,9,56.2,16,9,56.2,22,5,22.7,22,13,14,49,21,7,50,494,438,88.7,1,193,146,75.6,191,185,96.9,75,60,80,96,89,92.7,323,289,89.5,52,40,76.9,167,158,94.6,275,240,87.3,23,3,13,16,7,43.8,16,7,43.8,33,4,12.1,17,7,18,67,12,6
147,Jul 27 2024 - 10:00am,광주,수원FC,6,6,9,12,4,2,7,6,-1,-1,8,10,1,4,1,0,1,0,1,0,0,0,승,16119,-151,2.02,1.47,0,0,0,0,0,0,0,50,378,317,83.9,6,169,119,70.4,125,116,92.8,46,38,82.6,142,113,79.6,190,166,87.4,43,22,51.2,149,131,87.9,186,164,88.2,12,4,33.3,5,5,100,22,11,50,13,4,30.8,33,6,15,56,13,9,50,530,466,87.9,7,196,145,74,205,197,96.1,108,92,85.2,130,113,86.9,292,261,89.4,63,37,58.7,219,204,93.2,248,225,90.7,24,4,16.7,5,0,0,22,11,50,20,5,25,17,14,12,62,12,5
148,Jul 27 2024 - 10:30am,대구,대전,7,5,19,9,6,4,7,12,-1,-1,7,12,0,0,1,1,1,1,1,0,3,0,무,9224,5570,1.57,1.48,0,0,0,0,0,0,0,0,407,371,91.2,9,152,122,80.3,157,154,98.1,65,56,86.2,67,57,85.1,275,258,93.8,38,22,57.9,155,144,92.9,214,205,95.8,24,6,25,15,11,73.3,35,27,77.1,19,13,68.4,22,5,20,58,16,7,0,480,422,87.9,4,171,119,69.6,205,200,97.6,92,81,88,145,117,80.7,243,224,92.2,53,26,49.1,172,160,93,255,236,92.5,17,2,11.8,15,4,26.7,35,8,22.9,21,5,23.8,21,4,12,64,11,4
149,Jul 27 2024 - 10:30am,인천,서울,5,1,10,8,1,3,15,13,-1,-1,15,14,0,1,0,1,0,0,2,0,1,0,패,2526,15641,1.75,1.16,0,0,0,0,0,0,0,33.3,467,403,86.3,8,182,137,75.3,172,159,92.4,93,76,81.7,93,81,87.1,281,246,87.5,48,26,54.2,160,150,93.8,259,227,87.6,25,7,28,17,13,76.5,34,22,64.7,17,7,41.2,22,5,17,72,19,6,0,468,390,83.3,5,180,120,66.7,182,169,92.9,92,79,85.9,160,128,80,216,183,84.7,60,28,46.7,171,156,91.2,237,206,86.9,10,5,50,17,4,23.5,34,12,35.3,34,6,17.6,32,15,8,59,17,5
150,Jul 28 2024 - 10:00am,포항,김천,5,2,10,13,5,5,6,13,-1,-1,6,13,0,0,1,2,0,1,0,0,2,0,패,2150,14373,1.84,1.42,0,0,0,0,0,0,0,50,583,516,88.5,6,243,188,77.4,210,200,95.2,100,83,83,143,128,89.5,340,305,89.7,69,42,60.9,200,183,91.5,314,291,92.7,26,5,19.2,17,11,64.7,38,25,65.8,26,10,38.5,17,12,15,63,14,4,50,329,265,80.5,5,161,109,67.7,103,96,93.2,67,52,77.6,92,66,71.7,170,147,86.5,50,26,52,126,108,85.7,153,131,85.6,13,3,23.1,17,6,35.3,38,13,34.2,26,4,15.4,41,8,16,72,12,3
151,Aug 09 2024 - 10:30am,전북,광주,6,2,15,8,2,2,7,10,-1,-1,9,12,2,2,0,1,0,0,2,0,1,0,패,-315,16221,1.51,0.81,0,0,0,0,0,0,0,25,568,524,92.3,7,201,166,82.6,246,238,96.7,122,115,94.3,132,120,90.9,314,289,92,29,17,58.6,188,181,96.3,351,326,92.9,34,6,17.6,11,5,45.5,20,9,45,22,6,27.3,16,7,25,62,13,8,0,448,402,89.7,3,154,119,77.3,176,167,94.9,45,40,88.9,173,152,87.9,230,210,91.3,57,42,73.7,199,187,94,192,173,90.1,9,2,22.2,11,6,54.5,20,11,55,21,4,19,33,11,10,52,15,6
152,Aug 09 2024 - 10:30am,김천,강원,5,3,10,7,2,3,10,10,-1,-1,10,10,0,0,1,2,1,1,0,0,3,0,패,-2219,11053,1.2,1.55,0,0,0,0,0,0,0,0,342,294,86,4,148,111,75,127,118,92.9,75,62,82.7,72,58,80.6,195,174,89.2,44,26,59.1,158,141,89.2,140,127,90.7,30,5,16.7,9,7,77.8,25,15,60,18,10,55.6,15,4,20,68,17,6,33.3,497,443,89.1,3,175,135,77.1,195,186,95.4,76,62,81.6,132,113,85.6,289,268,92.7,45,26,57.8,177,163,92.1,275,254,92.4,21,3,14.3,9,2,22.2,25,10,40,14,10,71.4,31,7,11,53,13,2
153,Aug 10 2024 - 10:00am,울산,대구,7,2,13,12,2,6,16,7,-1,-1,16,8,0,1,1,0,1,0,1,0,1,0,승,16488,-381,1.97,1.41,0,0,0,0,0,0,0,0,502,434,86.5,7,211,155,73.5,185,177,95.7,106,84,79.2,126,111,88.1,270,239,88.5,41,22,53.7,183,162,88.5,278,250,89.9,20,4,20,20,12,60,37,22,59.5,31,7,22.6,28,10,26,78,16,11,80,361,289,80.1,3,170,111,65.3,114,106,93,87,72,82.8,102,73,71.6,172,144,83.7,63,38,60.3,116,94,81,182,157,86.3,26,3,11.5,20,8,40,37,15,40.5,17,4,23.5,25,10,17,91,19,10
154,Aug 10 2024 - 10:30am,제주,인천,5,3,5,11,3,2,7,10,-1,-1,8,10,1,0,0,1,0,0,0,0,0,0,패,133,17952,1.69,1.73,0,0,0,0,0,0,0,50,519,457,88.1,2,198,147,74.2,185,179,96.8,106,91,85.8,111,89,80.2,302,277,91.7,76,52,68.4,166,150,90.4,277,255,92.1,17,2,11.8,13,8,61.5,28,11,39.3,31,9,29,33,9,12,58,17,4,0,553,489,88.4,8,207,157,75.8,235,225,95.7,88,76,86.4,149,128,85.9,316,285,90.2,58,35,60.3,179,161,89.9,316,293,92.7,21,3,14.3,13,5,38.5,28,17,60.7,26,8,30.8,18,10,19,72,10,5
155,Aug 10 2024 - 10:30am,수원FC,대전,8,4,21,12,6,4,15,5,-1,-1,15,7,0,2,1,2,1,1,3,0,2,0,패,766,13218,2.47,1.48,0,0,0,0,0,0,0,0,524,458,87.4,13,212,158,74.5,196,189,96.4,165,143,86.7,103,87,84.5,256,228,89.1,58,35,60.3,195,182,93.3,271,241,88.9,47,14,29.8,12,5,41.7,33,19,57.6,20,8,40,20,12,8,98,14,9,0,403,326,80.9,8,183,118,64.5,130,121,93.1,46,37,80.4,128,90,70.3,229,199,86.9,61,25,41,127,111,87.4,215,190,88.4,10,3,30,12,7,58.3,33,14,42.4,24,7,29.2,44,10,16,70,21,11
156,Aug 11 2024 - 10:00am,포항,서울,8,2,17,9,6,5,9,10,-1,-1,12,10,3,0,1,2,0,1,2,0,3,0,패,3147,16031,1.84,1.16,0,0,0,0,0,0,0,33.3,516,448,86.8,10,217,162,74.7,189,181,95.8,100,80,80,79,67,84.8,337,301,89.3,46,25,54.3,201,184,91.5,269,239,88.8,39,10,25.6,14,8,57.1,39,23,59,22,12,54.5,10,17,15,74,17,3,0,351,284,80.9,3,160,103,64.4,112,105,93.8,34,29,85.3,125,88,70.4,192,167,87,56,26,46.4,124,111,89.5,171,147,86,7,0,0,14,6,42.9,39,16,41,37,6,16.2,42,13,12,60,23,1
157,Aug 16 2024 - 10:30am,대구,김천,1,9,9,21,4,7,9,10,-1,-1,11,10,2,0,3,0,0,0,0,0,0,0,승,21592,-2148,1.57,1.42,0,0,0,0,0,0,0,20,391,330,84.4,5,189,135,71.4,126,120,95.2,78,67,85.9,152,121,79.6,161,142,88.2,74,46,62.2,117,104,88.9,200,180,90,13,1,7.7,8,1,12.5,30,18,60,27,4,14.8,31,14,14,63,33,5,33.3,437,368,84.2,9,211,161,76.3,160,146,91.2,106,80,75.5,90,76,84.4,241,212,88,27,16,59.3,147,126,85.7,263,226,85.9,37,6,16.2,8,7,87.5,30,12,40,16,8,50,8,10,22,84,22,3
158,Aug 16 2024 - 10:30am,서울,제주,4,6,11,13,5,4,12,8,-1,-1,13,9,1,1,1,0,1,0,3,0,0,0,승,18588,2425,1.28,1.38,0,0,0,0,0,0,0,50,436,361,82.8,4,179,117,65.4,164,155,94.5,59,42,71.2,156,124,79.5,221,195,88.2,60,32,53.3,147,130,88.4,229,199,86.9,14,2,14.3,21,12,57.1,34,19,55.9,19,4,21.1,26,12,19,76,17,5,20,482,408,84.6,8,212,149,70.3,163,155,95.1,98,72,73.5,102,88,86.3,282,248,87.9,45,25,55.6,169,147,87,268,236,88.1,20,4,20,21,9,42.9,34,15,44.1,21,9,42.9,24,11,23,82,14,13
159,Aug 17 2024 - 10:00am,전북,포항,2,3,15,8,7,3,13,7,-1,-1,16,9,3,2,2,1,1,0,2,0,1,1,승,15204,1014,1.51,1.6,0,0,0,0,0,0,0,50,418,356,85.2,7,183,133,72.7,155,145,93.5,104,83,79.8,100,79,79,214,194,90.7,49,33,67.3,150,128,85.3,219,195,89,14,4,28.6,17,8,47.1,21,12,57.1,18,6,33.3,27,8,17,69,18,4,20,556,493,88.7,3,198,146,73.7,227,219,96.5,97,85,87.6,171,146,85.4,288,262,91,50,28,56,209,192,91.9,297,273,91.9,26,2,7.7,17,9,52.9,21,9,42.9,27,10,37,17,6,14,64,17,9
160,Aug 17 2024 - 10:30am,대전,인천,3,4,10,15,5,2,8,11,-1,-1,8,11,0,0,2,1,1,0,0,0,1,0,승,14393,607,1.07,1.73,0,0,0,0,0,0,0,0,385,337,87.5,4,156,117,75,149,143,96,35,33,94.3,185,157,84.9,165,147,89.1,43,25,58.1,138,129,93.5,204,183,89.7,11,1,9.1,10,3,30,23,12,52.2,25,3,12,46,8,15,59,17,6,0,621,564,90.8,11,203,164,80.8,262,248,94.7,140,120,85.7,100,87,87,381,357,93.7,47,27,57.4,212,200,94.3,362,337,93.1,29,4,13.8,10,7,70,23,11,47.8,9,4,44.4,17,4,17,72,10,5
161,Aug 18 2024 - 10:00am,울산,수원FC,5,3,11,17,2,5,9,9,-1,-1,10,11,1,2,1,2,0,1,1,1,2,0,패,541,16242,1.97,1.47,0,0,0,0,0,0,0,100,586,533,91,8,220,181,82.3,236,225,95.3,91,76,83.5,169,153,90.5,326,304,93.3,40,28,70,186,168,90.3,360,337,93.6,18,3,16.7,13,1,7.7,26,17,65.4,22,8,36.4,14,11,8,62,21,13,0,361,292,80.9,10,155,103,66.5,109,97,89,98,84,85.7,87,54,62.1,176,154,87.5,58,30,51.7,120,107,89.2,183,155,84.7,9,4,44.4,13,12,92.3,26,9,34.6,21,7,33.3,27,10,22,68,14,7
162,Aug 18 2024 - 10:00am,강원,광주,8,5,13,14,9,2,10,13,-1,-1,10,14,0,1,3,2,1,2,0,0,1,0,승,12937,-1203,1.92,0.81,0,0,0,0,0,0,0,100,358,303,84.6,8,144,94,65.3,127,122,96.1,59,50,84.7,106,76,71.7,193,177,91.7,53,32,60.4,133,121,91,172,150,87.2,18,7,38.9,11,5,45.5,23,15,65.2,24,13,54.2,24,10,16,46,20,6,40,539,497,92.2,8,202,173,85.6,208,198,95.2,110,96,87.3,171,155,90.6,258,246,95.3,29,23,79.3,254,241,94.9,256,233,91,26,4,15.4,11,6,54.5,23,8,34.8,15,5,33.3,16,7,17,64,11,6
163,Aug 24 2024 - 10:00am,포항,대구,9,6,22,7,3,5,6,13,-1,-1,7,13,1,0,1,2,0,1,0,0,4,0,패,2562,13681,1.84,1.41,0,0,0,0,0,0,0,33.3,586,527,89.9,13,223,178,79.8,219,209,95.4,133,105,78.9,122,110,90.2,331,312,94.3,43,25,58.1,200,186,93,343,316,92.1,27,6,22.2,16,7,43.8,32,16,50,18,8,44.4,13,5,19,69,16,8,22.2,319,261,81.8,3,144,97,67.4,107,98,91.6,44,40,90.9,130,95,73.1,145,126,86.9,56,27,48.2,103,90,87.4,160,144,90,18,2,11.1,16,9,56.2,32,16,50,15,3,20,38,10,19,57,14,2
164,Aug 24 2024 - 10:30am,인천,전북,8,2,12,8,5,1,8,9,-1,-1,10,10,2,1,0,1,0,1,0,0,2,0,패,1304,18115,1.75,1.59,0,0,0,0,0,0,0,0,519,439,84.6,4,205,141,68.8,212,203,95.8,93,79,84.9,131,97,74,295,263,89.2,64,39,60.9,208,184,88.5,247,216,87.4,33,8,24.2,14,7,50,41,25,61,21,10,47.6,18,13,24,86,12,8,50,390,303,77.7,6,195,120,61.5,131,121,92.4,89,66,74.2,130,98,75.4,171,139,81.3,58,25,43.1,126,102,81,206,176,85.4,14,5,35.7,14,7,50,41,16,39,27,14,51.9,38,12,15,76,14,9
165,Aug 24 2024 - 10:30am,서울,강원,5,9,16,13,7,2,3,10,-1,-1,3,11,0,1,2,0,2,0,3,0,2,0,승,22901,1929,1.28,1.55,0,0,0,0,0,0,0,50,346,277,80.1,11,167,112,67.1,102,92,90.2,64,54,84.4,111,79,71.2,171,144,84.2,45,25,55.6,142,120,84.5,159,132,83,17,4,23.5,22,11,50,43,19,44.2,25,10,40,45,20,15,78,20,4,25,540,454,84.1,9,229,165,72.1,184,170,92.4,116,88,75.9,131,104,79.4,293,262,89.4,42,19,45.2,201,180,89.6,297,255,85.9,37,11,29.7,22,11,50,43,24,55.8,31,6,19.4,14,6,18,104,18,9
166,Aug 25 2024 - 10:00am,광주,울산,1,5,15,15,3,9,10,22,-1,-1,12,23,2,1,0,1,0,0,1,0,3,0,패,2622,19488,2.02,1.52,0,0,0,0,0,0,0,11.1,501,452,90.2,7,186,155,83.3,187,171,91.4,100,89,89,178,157,88.2,223,206,92.4,58,42,72.4,201,193,96,242,217,89.7,15,2,13.3,17,8,47.1,19,13,68.4,25,9,36,25,8,15,70,16,9,33.3,307,238,77.5,13,149,94,63.1,89,81,91,63,52,82.5,90,66,73.3,154,120,77.9,44,17,38.6,95,77,81.1,168,144,85.7,22,6,27.3,17,9,52.9,19,6,31.6,29,10,34.5,21,6,22,69,17,2
167,Aug 25 2024 - 10:00am,수원FC,제주,4,6,18,12,9,5,16,4,-1,-1,20,5,4,1,5,0,2,0,3,0,1,1,승,25276,-7763,2.47,1.38,0,0,0,0,0,0,0,66.7,546,480,87.9,10,221,171,77.4,200,188,94,93,78,83.9,103,80,77.7,350,322,92,70,52,74.3,214,194,90.7,262,234,89.3,9,2,22.2,13,4,30.8,21,9,42.9,17,5,29.4,27,7,16,61,19,4,0,491,436,88.8,6,204,162,79.4,183,170,92.9,70,54,77.1,121,105,86.8,300,277,92.3,48,31,64.6,171,159,93,272,246,90.4,23,5,21.7,13,9,69.2,21,12,57.1,23,5,21.7,17,7,12,55,15,7
168,Aug 25 2024 - 10:00am,김천,대전,5,3,22,15,7,5,11,7,-1,-1,13,10,2,3,2,2,1,0,4,0,2,0,무,9628,7619,1.2,1.48,0,0,0,0,0,0,0,33.3,428,352,82.2,10,184,129,70.1,151,134,88.7,110,82,74.5,76,58,76.3,242,212,87.6,42,24,57.1,149,129,86.6,237,199,84,22,4,18.2,21,12,57.1,33,15,45.5,22,4,18.2,28,13,23,85,20,3,25,410,334,81.5,6,163,102,62.6,167,156,93.4,71,54,76.1,150,123,82,189,157,83.1,49,25,51,140,124,88.6,221,185,83.7,15,3,20,21,9,42.9,33,18,54.5,18,7,38.9,29,15,13,59,30,3
169,Aug 31 2024 - 10:00am,울산,포항,,,,,,,,,,,,,,,,,2,1,,,,,무,,,1.97,1.6,0,0,0,0,0,0,0,,,,,,,,,,,,,,,,,,,,,,,,,,,,,,,,,,,,,,,,,,,,,,,,,,,,,,,,,,,,,,,,,,,,,,,,,,,,,,,,,,,,,,,,,,,,,,
170,Aug 31 2024 - 10:30am,대구,인천,,,,,,,,,,,,,,,,,1,0,,,,,무,,,1.57,1.73,0,0,0,0,0,0,0,,,,,,,,,,,,,,,,,,,,,,,,,,,,,,,,,,,,,,,,,,,,,,,,,,,,,,,,,,,,,,,,,,,,,,,,,,,,,,,,,,,,,,,,,,,,,,
171,Aug 31 2024 - 10:30am,제주,김천,,,,,,,,,,,,,,,,,0,0,,,,,무,,,1.69,1.42,0,0,0,0,0,0,0,,,,,,,,,,,,,,,,,,,,,,,,,,,,,,,,,,,,,,,,,,,,,,,,,,,,,,,,,,,,,,,,,,,,,,,,,,,,,,,,,,,,,,,,,,,,,,
172,Sep 01 2024 - 10:00am,전북,서울,,,,,,,,,,,,,,,,,0,0,,,,,무,,,1.51,1.16,0,0,0,0,0,0,0,,,,,,,,,,,,,,,,,,,,,,,,,,,,,,,,,,,,,,,,,,,,,,,,,,,,,,,,,,,,,,,,,,,,,,,,,,,,,,,,,,,,,,,,,,,,,,
173,Sep 01 2024 - 10:00am,대전,광주,,,,,,,,,,,,,,,,,0,0,,,,,무,,,1.07,0.81,0,0,0,0,0,0,0,,,,,,,,,,,,,,,,,,,,,,,,,,,,,,,,,,,,,,,,,,,,,,,,,,,,,,,,,,,,,,,,,,,,,,,,,,,,,,,,,,,,,,,,,,,,,,
174,Sep 01 2024 - 10:00am,강원,수원FC,,,,,,,,,,,,,,,,,0,0,,,,,무,,,1.92,1.47,0,0,0,0,0,0,0,,,,,,,,,,,,,,,,,,,,,,,,,,,,,,,,,,,,,,,,,,,,,,,,,,,,,,,,,,,,,,,,,,,,,,,,,,,,,,,,,,,,,,,,,,,,,,
175,Sep 13 2024 - 10:30am,울산,강원,,,,,,,,,,,,,,,,,0,0,,,,,무,,,1.97,1.55,0,0,0,0,0,0,0,,,,,,,,,,,,,,,,,,,,,,,,,,,,,,,,,,,,,,,,,,,,,,,,,,,,,,,,,,,,,,,,,,,,,,,,,,,,,,,,,,,,,,,,,,,,,,
176,Sep 13 2024 - 10:30am,광주,포항,,,,,,,,,,,,,,,,,0,0,,,,,무,,,2.02,1.6,0,0,0,0,0,0,0,,,,,,,,,,,,,,,,,,,,,,,,,,,,,,,,,,,,,,,,,,,,,,,,,,,,,,,,,,,,,,,,,,,,,,,,,,,,,,,,,,,,,,,,,,,,,,
177,Sep 14 2024 - 7:30am,서울,대전,,,,,,,,,,,,,,,,,0,0,,,,,무,,,1.28,1.48,0,0,0,0,0,0,0,,,,,,,,,,,,,,,,,,,,,,,,,,,,,,,,,,,,,,,,,,,,,,,,,,,,,,,,,,,,,,,,,,,,,,,,,,,,,,,,,,,,,,,,,,,,,,
178,Sep 14 2024 - 10:00am,제주,대구,,,,,,,,,,,,,,,,,0,0,,,,,무,,,1.69,1.41,0,0,0,0,0,0,0,,,,,,,,,,,,,,,,,,,,,,,,,,,,,,,,,,,,,,,,,,,,,,,,,,,,,,,,,,,,,,,,,,,,,,,,,,,,,,,,,,,,,,,,,,,,,,
179,Sep 14 2024 - 10:00am,수원FC,전북,,,,,,,,,,,,,,,,,0,0,,,,,무,,,2.47,1.59,0,0,0,0,0,0,0,,,,,,,,,,,,,,,,,,,,,,,,,,,,,,,,,,,,,,,,,,,,,,,,,,,,,,,,,,,,,,,,,,,,,,,,,,,,,,,,,,,,,,,,,,,,,,
180,Sep 15 2024 - 7:30am,김천,인천,,,,,,,,,,,,,,,,,0,0,,,,,무,,,1.2,1.73,0,0,0,0,0,0,0,,,,,,,,,,,,,,,,,,,,,,,,,,,,,,,,,,,,,,,,,,,,,,,,,,,,,,,,,,,,,,,,,,,,,,,,,,,,,,,,,,,,,,,,,,,,,,
181,Sep 21 2024 - 7:30am,수원FC,김천,,,,,,,,,,,,,,,,,0,0,,,,,무,,,2.47,1.42,0,0,0,0,0,0,0,,,,,,,,,,,,,,,,,,,,,,,,,,,,,,,,,,,,,,,,,,,,,,,,,,,,,,,,,,,,,,,,,,,,,,,,,,,,,,,,,,,,,,,,,,,,,,
182,Sep 21 2024 - 10:00am,대구,서울,,,,,,,,,,,,,,,,,0,0,,,,,무,,,1.57,1.16,0,0,0,0,0,0,0,,,,,,,,,,,,,,,,,,,,,,,,,,,,,,,,,,,,,,,,,,,,,,,,,,,,,,,,,,,,,,,,,,,,,,,,,,,,,,,,,,,,,,,,,,,,,,
183,Sep 22 2024 - 7:30am,포항,강원,,,,,,,,,,,,,,,,,0,0,,,,,무,,,1.84,1.55,0,0,0,0,0,0,0,,,,,,,,,,,,,,,,,,,,,,,,,,,,,,,,,,,,,,,,,,,,,,,,,,,,,,,,,,,,,,,,,,,,,,,,,,,,,,,,,,,,,,,,,,,,,,
184,Sep 22 2024 - 7:30am,광주,제주,,,,,,,,,,,,,,,,,0,0,,,,,무,,,2.02,1.38,0,0,0,0,0,0,0,,,,,,,,,,,,,,,,,,,,,,,,,,,,,,,,,,,,,,,,,,,,,,,,,,,,,,,,,,,,,,,,,,,,,,,,,,,,,,,,,,,,,,,,,,,,,,
185,Sep 22 2024 - 10:00am,인천,울산,,,,,,,,,,,,,,,,,0,0,,,,,무,,,1.75,1.52,0,0,0,0,0,0,0,,,,,,,,,,,,,,,,,,,,,,,,,,,,,,,,,,,,,,,,,,,,,,,,,,,,,,,,,,,,,,,,,,,,,,,,,,,,,,,,,,,,,,,,,,,,,,
186,Sep 22 2024 - 10:00am,대전,전북,,,,,,,,,,,,,,,,,0,0,,,,,무,,,1.07,1.59,0,0,0,0,0,0,0,,,,,,,,,,,,,,,,,,,,,,,,,,,,,,,,,,,,,,,,,,,,,,,,,,,,,,,,,,,,,,,,,,,,,,,,,,,,,,,,,,,,,,,,,,,,,,
187,Sep 27 2024 - 10:30am,포항,인천,,,,,,,,,,,,,,,,,0,0,,,,,무,,,1.84,1.73,0,0,0,0,0,0,0,,,,,,,,,,,,,,,,,,,,,,,,,,,,,,,,,,,,,,,,,,,,,,,,,,,,,,,,,,,,,,,,,,,,,,,,,,,,,,,,,,,,,,,,,,,,,,
188,Sep 27 2024 - 10:30am,대전,울산,,,,,,,,,,,,,,,,,0,0,,,,,무,,,1.07,1.52,0,0,0,0,0,0,0,,,,,,,,,,,,,,,,,,,,,,,,,,,,,,,,,,,,,,,,,,,,,,,,,,,,,,,,,,,,,,,,,,,,,,,,,,,,,,,,,,,,,,,,,,,,,,
189,Sep 28 2024 - 7:30am,강원,대구,,,,,,,,,,,,,,,,,0,0,,,,,무,,,1.92,1.41,0,0,0,0,0,0,0,,,,,,,,,,,,,,,,,,,,,,,,,,,,,,,,,,,,,,,,,,,,,,,,,,,,,,,,,,,,,,,,,,,,,,,,,,,,,,,,,,,,,,,,,,,,,,
190,Sep 28 2024 - 10:00am,전북,제주,,,,,,,,,,,,,,,,,0,0,,,,,무,,,1.51,1.38,0,0,0,0,0,0,0,,,,,,,,,,,,,,,,,,,,,,,,,,,,,,,,,,,,,,,,,,,,,,,,,,,,,,,,,,,,,,,,,,,,,,,,,,,,,,,,,,,,,,,,,,,,,,
191,Sep 28 2024 - 10:00am,김천,광주,,,,,,,,,,,,,,,,,0,0,,,,,무,,,1.2,0.81,0,0,0,0,0,0,0,,,,,,,,,,,,,,,,,,,,,,,,,,,,,,,,,,,,,,,,,,,,,,,,,,,,,,,,,,,,,,,,,,,,,,,,,,,,,,,,,,,,,,,,,,,,,,
192,Sep 29 2024 - 7:30am,서울,수원FC,,,,,,,,,,,,,,,,,0,0,,,,,무,,,1.28,1.47,0,0,0,0,0,0,0,,,,,,,,,,,,,,,,,,,,,,,,,,,,,,,,,,,,,,,,,,,,,,,,,,,,,,,,,,,,,,,,,,,,,,,,,,,,,,,,,,,,,,,,,,,,,,
193,Oct 06 2024 - 6:00am,울산,김천,,,,,,,,,,,,,,,,,0,0,,,,,무,,,1.97,1.42,0,0,0,0,0,0,0,,,,,,,,,,,,,,,,,,,,,,,,,,,,,,,,,,,,,,,,,,,,,,,,,,,,,,,,,,,,,,,,,,,,,,,,,,,,,,,,,,,,,,,,,,,,,,
194,Oct 06 2024 - 6:00am,광주,서울,,,,,,,,,,,,,,,,,0,0,,,,,무,,,2.02,1.16,0,0,0,0,0,0,0,,,,,,,,,,,,,,,,,,,,,,,,,,,,,,,,,,,,,,,,,,,,,,,,,,,,,,,,,,,,,,,,,,,,,,,,,,,,,,,,,,,,,,,,,,,,,,
195,Oct 06 2024 - 6:00am,대구,전북,,,,,,,,,,,,,,,,,0,0,,,,,무,,,1.57,1.59,0,0,0,0,0,0,0,,,,,,,,,,,,,,,,,,,,,,,,,,,,,,,,,,,,,,,,,,,,,,,,,,,,,,,,,,,,,,,,,,,,,,,,,,,,,,,,,,,,,,,,,,,,,,
196,Oct 06 2024 - 6:00am,인천,강원,,,,,,,,,,,,,,,,,0,0,,,,,무,,,1.75,1.55,0,0,0,0,0,0,0,,,,,,,,,,,,,,,,,,,,,,,,,,,,,,,,,,,,,,,,,,,,,,,,,,,,,,,,,,,,,,,,,,,,,,,,,,,,,,,,,,,,,,,,,,,,,,
197,Oct 06 2024 - 6:00am,제주,대전,,,,,,,,,,,,,,,,,0,0,,,,,무,,,1.69,1.48,0,0,0,0,0,0,0,,,,,,,,,,,,,,,,,,,,,,,,,,,,,,,,,,,,,,,,,,,,,,,,,,,,,,,,,,,,,,,,,,,,,,,,,,,,,,,,,,,,,,,,,,,,,,
198,Oct 06 2024 - 6:00am,수원FC,포항,,,,,,,,,,,,,,,,,0,0,,,,,무,,,2.47,1.6,0,0,0,0,0,0,0,,,,,,,,,,,,,,,,,,,,,,,,,,,,,,,,,,,,,,,,,,,,,,,,,,,,,,,,,,,,,,,,,,,,,,,,,,,,,,,,,,,,,,,,,,,,,,
